ID,Title,Author,Genre,PublishDateOriginal,PublishDate,Publisher,Format,Illustrator,TotalPages,Rating,Status,MSRP ,SpecialEdition,ISBN
,Grimm: Aunt Marie's Book of Lore ,Titan Books,Fantasy/Paranormal,"November 8th, 2013",2013-11-08,Titan Books,Paperback ,Titan Books,144,N/A,No,$19.95 ,No,978-1-781-16653-6
,The Holy Bible,Moses wrote the most of 1 person,Religious Text,"August 28th, 2018",2018-08-28,Zonderkidz,Leatherbound,David Malan,1077,4.75/5,Yes,$36.99 ,NIV - Incredible Creatures and Creations,978-0-310-76123-5
,Wash Day Diaries ,Jamila Rowser,Young Adult Fiction,"July 5th, 2022",2022-07-05,Chronicle Books,Graphic Novel,Robyn Smith,191,4.5/5,Yes,$19.95 ,No,978-1-7972-0545-8
,LegendBorn,Tracy Deonn,Young Adult/Fantasy,"September 15th, 2020",2020-09-15,Margaret K. McElderry Books,Hardcover,N/A,501,4.0/5,Yes,$19.99 ,No,978-1-5344-4160-6
,BloodMarked,Tracy Deonn,Young Adult/Fantasy,"November 8th, 2022",2022-11-08,Simon & Schuster Books for Young Readers,Hardcover,N/A,561,5.0/5,Yes,$19.99 ,Barnes & Noble Exclusive Edition,978-1-6659-3199-1
,Percy Jackson & The Olympians: The Lightning Thief,Rick Riordan ,Fantasy/Adventure,"December 29th, 2009",2009-12-29,Disney-Hyperion ,Hardcover,John Rocco,377,4.0/5,Yes,$25.00 ,Deluxe Collectors Edition (still in wrap),978-142312170-1
,Percy Jackson &The Olympians: The Lightning Thief,Rick Riordan,Fantasy/Adventure,"December 29th, 2009",2009-12-29,Disney-Hyperion,Hardcover,John Rocco,377,4.0/5,Yes,$25.00 ,Deluxe Collectors Edition (not in wrap),978-142312170-1
,"Prodigy: The Icarus Society (Prodigy, 2)",Mark Millar,Action/Adventure,"January 17th, 2023",2023-01-17,Image Comics,Comic Book,Matteo Buffagni,144,N/A,No,$15.99 ,No,978-1-5343-2455-8
,Nubia: Real One,L.L. McKinney,Young Adult Fiction,"February 23rd, 2021",2021-02-23,DC Comics,Graphic Novel,Robyn Smith,205,4.5/5,Yes,$16.99 ,No,978-1-4012-9640-7
,Ms. Marvel Vol. 3 - Crushed ,G. Willow Wilson & Mark Waid,Superhero,"June 9th, 2015",2015-06-09,Marvel Universe,Comic Book,"Takeshi Miyazawa, Elmo Bondoc, Ian Herring, Irma Kniivila",112,N/A,No,$15.99 ,No,978-0-7851-9227-5
,We Are Not Like Them, Christine Pride & Jo Piazza,Contemporary Literature,"October 5th, 2021",2021-10-05,Atria Books,Paperback ,N/A,315,N/A,No,$17.00 ,No,978-1-9821-8104-8
,The Right Swipe,Alisha Rai,Romance,"August 6th, 2019",2019-08-06,Avon Books,Paperback ,N/A,388,N/A,No,$14.99 ,No,978-0-06-297667-3
,Percy Jackson & The Olympians: The Lightning Thief,Rick Riordan,Fantasy/Adventure,"July 1st, 2005",2005-07-01,Miramax Books - Hyperion,Hardcover,N/A,377,4.0/5,Yes,$17.95 ,First Edition,078685629-7
,Percy Jackson & The Olympians: The Lightning Thief,Rick Riordan,Fantasy/Adventure,"May 12th, 2015",2015-05-12,Disney-Hyperion,Hardcover,N/A,377,4.0/5,Yes,$17.99 ,Barnes & Noble Exclusive Collector's Edition (10 Year Edition) ,978-148472240-0
,Midnight Flower's Kiss,Alexis Jade,Adult Fantasy,"May 27th, 2021",2021-05-27,Independently Published,Paperback ,N/A,558,N/A,No,$15.99 ,No,979-8511342726
,Grimm: The Icy Touch ,John Shirley ,Fantasy/Paranormal,"November 5th, 2013",2013-11-05,Titan Books,Paperback ,N/A,313,N/A,No,$7.99 ,No,978-1781166543
,Grimm: The Killing Time,Tim Waggoner,Fantasy/Paranormal,"September 30th, 2014",2014-09-30,Titan Books,Paperback ,N/A,265,N/A,No,$7.99 ,No,978-1781166581
,Percy Jackson And The Singer of Apollo,Rick Riordan,Fantasy/Adventure,"February 28th, 2019",2019-02-28,Puffin Books,Paperback ,N/A,112,3.75/5,Yes,$1.00 ,No,978-0-241-38073-4
,LegendBorn,Tracy Deonn,Young Adult/Fantasy,"September 15th, 2020",2020-09-15,Margaret K. McElderry Books,Paperback ,N/A,501,4.0/5,Yes,$13.99 ,No,978-1-5344-4161-3
,Diary of a Wimpy Kid #17: Diper Överlöde,Jeff Kinney,Comedy,"October 25th, 2022",2022-10-25,Harry N. Abrams,Hardcover,Jeff Kinney,217,N/A,No,$14.99 ,No,978-1-4197-6294-9
,Token,Beverly Kendall,Romance,"January 3rd, 2023",2023-01-03,Graydon House,Paperback ,N/A,368,N/A,No,$17.99 ,No,978-1-525-89997-3
,"Chainsaw Man, Vol. 1",Tatsuki Fujimoto,Shonen,"October 6th, 2020",2020-10-06,VIZ Media LLC,Paperback ,Tatsuki Fujimoto,192,3.0/5,Yes,$9.99 ,No,978-1-9747-0993-9
,"Chainsaw Man, Vol. 2",Tatsuki Fujimoto,Shonen,"December 1st, 2020",2020-12-01,VIZ Media LLC,Paperback ,Tatsuki Fujimoto,192,3.5/5,Yes,$9.99 ,No,978-1-9747-0994-6
,"Chainsaw Man, Vol. 3",Tatsuki Fujimoto,Shonen,"February 2nd, 2021",2021-02-02,VIZ Media LLC,Paperback ,Tatsuki Fujimoto,192,N/A,No,$9.99 ,No,978-1-9747-0995-3
,"Chainsaw Man, Vol. 4",Tatsuki Fujimoto,Shonen,"April 6th, 2021",2021-04-06,VIZ Media LLC,Paperback ,Tatsuki Fujimoto,192,N/A,No,$9.99 ,No,978-1-9747-2071-2
,"Chainsaw Man, Vol. 5",Tatsuki Fujimoto,Shonen,"June 1st, 2021",2021-06-01,VIZ Media LLC,Paperback ,Tatsuki Fujimoto,200,N/A,No,$9.99 ,No,978-1-9747-1922-8
,"Chainsaw Man, Vol. 6",Tatsuki Fujimoto,Shonen,"August 3rd, 2021",2021-08-03,VIZ Media LLC,Paperback ,Tatsuki Fujimoto,192,N/A,No,$9.99 ,No,978-1-9747-1727-9
,"Chainsaw Man, Vol. 7",Tatsuki Fujimoto,Shonen,"October 5th, 2021",2021-10-05,VIZ Media LLC,Paperback ,Tatsuki Fujimoto,200,N/A,No,$9.99 ,No,978-1-9747-2096-5
,"Chainsaw Man, Vol. 8",Tatsuki Fujimoto,Shonen,"December 7th, 2021",2021-12-07,VIZ Media LLC,Paperback ,Tatsuki Fujimoto,192,N/A,No,$9.99 ,No,978-1-9747-2278-5
,"Chainsaw Man, Vol. 9",Tatsuki Fujimoto,Shonen,"February 1st, 2022",2022-02-01,VIZ Media LLC,Paperback ,Tatsuki Fujimoto,192,N/A,No,$9.99 ,No,978-1-9747-2404-8
,"Chainsaw Man, Vol. 11",Tatsuki Fujimoto,Shonen,"June 7th, 2022",2022-06-07,VIZ Media LLC,Paperback ,Tatsuki Fujimoto,192,N/A,No,$9.99 ,No,978-1-9747-2711-7
,Wonder,R.J. Palacio,Fiction,"February 14th, 2012",2012-02-14,Knopf Books for Young Readers,Hardcover,N/A,316,4.0/5,Yes,$16.99 ,No,978-0-375-86902-0
,You Truly Assumed,Laila Sabreen,Young Adult Fiction,"February 8th, 2022",2022-02-08,Inkyard Press,Hardcover,N/A,339,N/A,No,$18.99 ,No,978-1-335-41865-4
,The Heroes of Olympus: The Lost Hero,Rick Riordan,Young Adult/Fantasy,"September 24th, 2019",2019-09-24,Disney-Hyperion,Paperback ,N/A,557,3.89/5,Yes,$9.99 ,10th Anniversary Edition,978-136805143-9
,The Heroes of Olympus: The Son of Neptune,Rick Riordan,Young Adult/Fantasy,"September 24th, 2019",2019-09-24,Disney-Hyperion,Paperback ,N/A,521,4.85/5,Yes,$9.99 ,10th Anniversary Edition,978-136805144-6
,The Heroes of Olympus: The Mark of Athena,Rick Riordan,Young Adult/Fantasy,"September 24th, 2019",2019-09-24,Disney-Hyperion,Paperback ,N/A,584,5.0/5,Yes,$9.99 ,10th Anniversary Edition,978-136805142-2
,The Heroes of Olympus: The House of Hades,Rick Riordan,Young Adult/Fantasy,"September 24th, 2019",2019-09-24,Disney-Hyperion,Paperback ,N/A,597,4.95/4,Yes,$9.99 ,10th Anniversary Edition,978-136805171-2
,The Heroes of Olympus: The Blood of Olympus,Rick Riordan,Young Adult/Fantasy,"September 24th, 2019",2019-09-24,Disney-Hyperion,Paperback ,N/A,516,4.25/5,Yes,$9.99 ,10th Anniversary Edition,978-136805170-5
,Myths & Legends: Egyptian Myths,Jake Jackson,Mythology/Legends,"January 1st, 0000",0000-01-01,Flame Tree,Paperback ,N/A,254,4.5/5,Yes,$9.99 ,No,978-1-83964-274-6
,Myths & Legends: Green & Roman Myths,Jake Jackson,Mythology/Legends,"January 1st, 0000",0000-01-01,Flame Tree,Paperback ,N/A,255,4.75/5,Yes,$9.99 ,No,978-1-83964-275-3
,Myths & Legends: Norse Myths,Jake Jackson,Mythology/Legends,"January 1st, 0000",0000-01-01,Flame Tree,Paperback ,N/A,255,3.0/5,Yes,$9.99 ,No,978-1-83964-277-7
,Myths & Legends: Indian Myths,Jake Jackson,Mythology/Legends,"January 1st, 0000",0000-01-01,Flame Tree,Paperback ,N/A,254,4.25/5,Yes,$9.99 ,No,978-1-83964-276-0
,Myths & Legends: Celtic Myths,Jake Jackson,Mythology/Legends,"January 1st, 0000",0000-01-01,Flame Tree,Paperback ,N/A,254,3.5/5,Yes,$9.99 ,No,978-1-83964-272-2
,Myths & Legends: African Myths,Jake Jackson,Mythology/Legends,"January 1st, 0000",0000-01-01,Flame Tree,Paperback ,N/A,255,4.75/5,Yes,$9.99 ,No,978-1-80417-189-9
, Myths & Legends: Chinese Myths,Jake Jackson,Mythology/Legends,"January 1st, 0000",0000-01-01,Flame Tree,Paperback ,N/A,254,4.0/5,Yes,$9.99 ,No,978-1-83964-273-9
,Myths & Legends: Japanese Myths,Jake Jackson,Mythology/Legends,"January 1st, 0000",0000-01-01,Flame Tree,Paperback ,N/A,255,3.5/5,Yes,$9.99 ,No,978-1-80417-188-2
,Percy Jackson & The Olympians: The Lightning Thief,Rick Riordan & Mark Oshiro,Fantasy/Adventure,"August 14th, 2018",2018-08-14,Disney-Hyperion,Hardcover,John Rocco,226,4.75/5,Yes,$39.99 ,Illustrated Edition,978-148478778-6
,The Illustrated A-Z of Classic Mythology,Arthur Cotterell,Mythology/Legends,"January 7th, 2014",2014-01-07,Lorenz Books,Hardcover,Not Sure?,256,4.20/5,Yes,$29.99 ,No,978-0-754-82898-3
,Light It Up,Kekla Magoon,Young Adult Fiction,"October 22nd, 2019",2019-10-22,Heny Holt and Co,Hardcover,N/A,358,N/A,No,$18.99 ,No,978-1-250-12889-8
,Black Buck,Mateo Askaripour,Satire/Darck Comedy,"January 5th, 2021",2021-01-05,Mariner Books,Hardcover,N/A,388,N/A,No,$26.00 ,No,978-0-358-38088-7
,Not So Pure and Simple,Lamar Giles,Romance,"October 27th, 2020",2020-10-27,Quill Tree Books,Paperback ,N/A,389,N/A,No,$10.99 ,No,978-0-06-234920-0
,Auggie & Me: Three Wonder Stories,R.J. Palacio,Fiction,"August 18th, 2015",2015-08-18,Knopf Books for Young Readers,Hardcover,N/A,303,3.75/5,Yes,$16.99 ,No,978-1-101-93485-2
,In The Antarctic Circle,Dennis James Sweeney,Poetry,"February 27th, 2021",2021-02-27,Autumn House Press,Paperback ,N/A,82,N/A,No,$16.95 ,No,978-1-938769-72-6
,Pumpkin Heads,Rainbow Rowell,Graphic Novel,"August 27th, 2019",2019-08-27,First Second,Hardcover,Faith Erin Hicks,224,N/A,No,$24.99 ,No,978-1-250-31285-3
,Love Radio,Ebony LaDelle,Romance,"May 31st, 2022",2022-05-31,Simon & Schuster Books for Young Readers,Hardcover,N/A,316,4.8/5,Yes,$19.99 ,No,978-1-6659-0815-3
,You Had Me At Hola,Alexis Daria,Romance,"August 4th, 2020",2020-08-04,Avon Books,Paperback ,N/A,365,N/A,No,$15.99 ,No,978-0-06-295992-8
,Ties that Tether,Jane Igharo,Romance,"September 29th, 2020",2020-09-29,Berkley,Paperback ,N/A,308,N/A,No,$16.00 ,No,978-0-593-10194-0
,The Love Hypothesis,Ali Hazelwood,Romance,"September 14th, 2021",2021-09-14,Penguin Publishing Group,Paperback ,N/A,393,2.75/5,Yes,$16.00 ,No,978-0-593-33682-3
,Lotería,Karla Arenas Valenti,Magical Realism,"September 7th, 2021",2021-09-07,Knopf Books for Young Readers,Hardcover,Dana Sanmar,310,N/A,No,$16.99 ,No,978-0-593-17696-2
,Black American Refugee: Escaping the Narcissism of the American Dream,Tiffanie Drayton,Autobiography,"February 15th, 2022",2022-02-15,Viking,Hardcover,N/A,292,N/A,No,$26.00 ,No,978-0-593-29854-1
,While We Were Dating,Jasmine Guillory,Contemporary Romance,"July 13th, 2021",2021-07-13,Berkley,Paperback ,N/A,369,N/A,No,$16.00 ,No,978-0-593-10085-1
,Clap When You Land,Elizabeth Acevedo,Young Adult Fiction,"July 5th, 2022",2022-07-05,Quill Tree Books,Paperback ,N/A,424,N/A,No,$12.99 ,No,978-0-06-288277-6
,No Filter and Other Lies,Crystal Maldonado,Young Adult Fiction,"February 8th, 2022",2022-02-08,Holiday House,Hardcover,N/A,326,N/A,No,$18.99 ,No,978-0-8234-4718-3
,Circe,Madeline Miller,Fantasy,"April 14th, 2020",2020-04-14,Back Bay Books,Paperback ,N/A,393,N/A,No,$16.99 ,No,978-0-316-55632-3
,The Sun And The Star,Rick Riordan,Fantasy/Adventure,"May 2nd, 2023",2023-05-02,Disney-Hyperion,Hardcover,N/A,471,4.65/5,Yes,$19.99 ,Barnes & Noble Exclusive Edition,978-1-368-09887-8
,Seven Faceless Saints,M.K. Lobb,Fantasy,"February 7th, 2023",2023-02-07,"Little, Brown Books for Young Readers",Hardcover,N/A,365,N/A,No,$25.00 ,FairyLoot Book of The Month Edition,9.78E+12
,Goya: Latin American Delights ,Goya,CookBook,"January 1st, 0000",0000-01-01,Goya,Paperback ,N/A,158,4.0/5,Yes,$0.00 ,No,N/A
,Highly Suspicious and Unfairly Cute,Talia Hibbert,Young Adult Romance,"January 3rd, 2023",2023-01-03,Joy Revolution,Paperback ,N/A,319,N/A,No,$13.99 ,No,978-0-593-48235-3
,With the Fire on High,Elizabeth Acevedo,Young Adult Fiction,"March 30th, 2021",2021-03-30,Quill Tree Books,Paperback ,N/A,389,N/A,No,$12.99 ,No,978-0-06-266284-2
,A Lot Like Adiós,Alexis Daria,Romance,"September 14th, 2021",2021-09-14,Avon Books,Paperback ,N/A,402,N/A,No,$15.99 ,No,978-0-06-295996-6
,I'm Glad My Mom Died,Jennette McCurdy,Memoir,"August 9th, 2022",2022-08-09,Simon & Schuster,Hardcover,N/A,304,N/A,No,$27.99 ,No,978-1-9821-8582-4
,The Girl and the Goddess,Nikita Gill,Poetry,"September 29th, 2020",2020-09-29,G.P. Putnam's Sons,Paperback ,N/A,342`,N/A,No,$15.00 ,No,978-0-593-08566-0
,Percy Jackson & The Olympians: The Lightning Thief,Rick Riordan,Fantasy/Adventure,"May 3rd, 2022",2022-05-03,Disney-Hyperion,Paperback ,N/A,377,4.0/5,Yes,$8.99 ,3rd Rendition of the Covers,978-1-368-05147-7
,Percy Jackson & The Olympians: The Sea of Monsters,Rick Riordan,Fantasy/Adventure,"May 3rd, 2022",2022-05-03,Disney-Hyperion,Paperback ,N/A,279,3.5/5,Yes,$8.99 ,3rd Rendition of the Covers,978-1-368-05149-1
,Percy Jackson & The Olympians: The Titan's Curse,Rick Riordan,Fantasy/Adventure,"May 3rd, 2022",2022-05-03,Disney-Hyperion,Paperback ,N/A,312,5.0/5,Yes,$8.99 ,3rd Rendition of the Covers,978-1-368-05148-4
,Percy Jackson & The Olympians: The Battle of the Labyrinth,Rick Riordan,Fantasy/Adventure,"May 3rd, 2022",2022-05-03,Disney-Hyperion,Paperback ,N/A,361,4.75/5,Yes,$8.99 ,3rd Rendition of the Covers,978-1-368-05146-0
,Percy Jackson & The Olympians: The Last Olympian,Rick Riordan,Fantasy/Adventure,"May 3rd, 2022",2022-05-03,Disney-Hyperion,Paperback ,N/A,381,5.0/5,Yes,$8.99 ,3rd Rendition of the Covers,978-1-368-05145-3
,Free Comic Book Day 2023: Marvel Voices #1,John Jennings,Superhero,"May 6th, 2023",2023-05-06,Marvel,Comic Book,"Paris Alleyne, Eric Arciniega & Many More!",28,N/A,No,$0.00 ,No,N/A
,Free Comic Book Day 2023: Power Rangers: Ranger Academy,Maria Ingrande Mora,Superhero,"May 6th, 2023",2023-05-06,Boom! Studios,Comic Book,"Jo Mi-Gyeong, Fabiana Mascolo",28,N/A,No,$0.00 ,No,N/A
,Dark Web: Ms. Marvel (2022-2023) #1 (of 2) ,Sabir Pirzada,Superhero,"December 21st, 2022",2022-12-21,Marvel,Comic Book,"Francesco Mortarino, Ariana Maher, Dono Sánchez-Almara",24,N/A,No,$3.99 ,No,N/A
,The Flash: The Fastest Man Alive (2006-2007) #7,Danny Bilson & Paul De Meo,Superhero,"December 27th, 2006",2006-12-27,DC Comics,Comic Book,"Art Thibert, Ron Adrian",22,N/A,No,$2.99 ,No,N/A
,"Superman Action Comics Vol.2 #22: Atomic Knights, Part One",Scott Lobdell,Superhero,"July 3rd, 2013",2013-07-03,DC Comics,Comic Book,"Tyler Kirkham, Arif Prianto, Carlos M. Mangual",44,N/A,No,$3.99 ,No,N/A
,Dark Web: Ms. Marvel (2022-2023) #2 (of 2) ,Sabir Pirzada,Superhero,"January 11th, 2023",2023-01-11,Marvel,Comic Book,"Francesco Mortarino, Ariana Maher, Dono Sánchez-Almara",23,N/A,No,$3.99 ,No,N/A
,Doctor Strange: Fall Sunrise (2022-) #1 (of 4),Tradd Moore,Superhero,"November 23rd, 2022",2022-11-23,Marvel,Comic Book,"Tradd Moore, Heather Moore",30,N/A,No,$4.99 ,No,N/A
,Doctor Strange: #1 (LGY #427),Jed MacKay,Superhero,"March 22nd, 2023",2023-03-22,Marvel,Comic Book,"Pasqual Ferry, Hollingsworth, MacDonald, Herring",42,N/A,No,$4.99 ,No,N/A
,X-Men: Before The Fall - Sons Of X (2023) #1,Sumon Spurrier ,Superhero,"May 3rd, 2023",2023-05-03,Marvel,Comic Book,"Phil Noto, Clayton Cowles, Sarah Brunstad",35,N/A,No,$4.99 ,No,N/A
,Warlock Vol 2 #5,Jim Starlin,Superhero,"January 18th, 1983",1983-01-18,Marvel,Comic Book,"Jim Starlin, Tom Orzechowski",48,N/A,No,$2.00 ,No,N/A
,Dragon Ball Vol. 1,Akira Toriyama,Shonen,"March 12th, 2003",2003-03-12,VIZ Media LLC,Paperback ,Akira Toriyama,175,5.0/5,Yes,$9.99 ,No,978-1-56931-920-8
,Dragon Ball Vol. 2,Akira Toriyama,Shonen,"March 12th, 2003",2003-03-12,VIZ Media LLC,Paperback ,Akira Toriyama,189,4.75/5,Yes,$9.99 ,No,978-1-56931-921-5
,Dragon Ball Vol. 3,Akira Toriyama,Shonen,"March 12th, 2003",2003-03-12,VIZ Media LLC,Paperback ,Akira Toriyama,177,4.9/5,Yes,$9.99 ,No,978-1-56931-922-2
,Dragon Ball Vol. 4,Akira Toriyama,Shonen,"March 12th, 2003",2003-03-12,VIZ Media LLC,Paperback ,Akira Toriyama,183,4.65/5,Yes,$9.99 ,No,978-1-56931-923-9
,Dragon Ball Vol. 5,Akira Toriyama,Shonen,"March 12th, 2003",2003-03-12,VIZ Media LLC,Paperback ,Akira Toriyama,177,4.35/5,Yes,$9.99 ,No,978-1-56931-924-6
,Dragon Ball Vol. 6,Akira Toriyama,Shonen,"March 12th, 2003",2003-03-12,VIZ Media LLC,Paperback ,Akira Toriyama,179,3.75/5,Yes,$9.99 ,No,978-1-56931-925-3
,Dragon Ball Vol. 7,Akira Toriyama,Shonen,"March 12th, 2003",2003-03-12,VIZ Media LLC,Paperback ,Akira Toriyama,179,4.25/5,Yes,$9.99 ,No,978-1-56931-926-0
,Dragon Ball Vol. 8,Akira Toriyama,Shonen,"May 7th, 2003",2003-05-07,VIZ Media LLC,Paperback ,Akira Toriyama,177,4.8/5,Yes,$9.99 ,No,978-1-56931-927-7
,Dragon Ball Vol. 9,Akira Toriyama,Shonen,"May 7th, 2003",2003-05-07,VIZ Media LLC,Paperback ,Akira Toriyama,177,4.5/5,Yes,$9.99 ,No,978-1-56931-928-4
,Dragon Ball Vol. 10,Akira Toriyama,Shonen,"May 7th, 2003",2003-05-07,VIZ Media LLC,Paperback ,Akira Toriyama,181,4.25/5,Yes,$9.99 ,No,978-1-56931-929-1
,Dragon Ball Vol. 11,Akira Toriyama,Shonen,"May 7th, 2003",2003-05-07,VIZ Media LLC,Paperback ,Akira Toriyama,179,4.75/5,Yes,$9.99 ,No,978-1-56931-919-2
,Dragon Ball Vol. 12,Akira Toriyama,Shonen,"September 3rd, 2003",2003-09-03,VIZ Media LLC,Paperback ,Akira Toriyama,179,4.85/5,Yes,$9.99 ,No,978-1-59116-155-4
,Dragon Ball Vol. 13,Akira Toriyama,Shonen,"November 19th, 2003",2003-11-19,VIZ Media LLC,Paperback ,Akira Toriyama,179,5.0/5,Yes,$9.99 ,No,978-1-59116-148-6
,Dragon Ball Vol. 14,Akira Toriyama,Shonen,"February 18th, 2004",2004-02-18,VIZ Media LLC,Paperback ,Akira Toriyama,177,4.0/5,Yes,$9.99 ,No,978-1-59116-169-1
,Dragon Ball Vol. 15,Akira Toriyama,Shonen,"May 19th, 2004",2004-05-19,VIZ Media LLC,Paperback ,Akira Toriyama,177,5.0/5,Yes,$9.99 ,No,978-1-59116-297-1
,Dragon Ball Vol. 16,Akira Toriyama,Shonen,"August 3rd, 2004",2004-08-03,VIZ Media LLC,Paperback ,Akira Toriyama,205,5.0/5,Yes,$9.99 ,No,978-1-59116-457-9
,Dragon Ball Z Vol. 1,Akira Toriyama,Shonen,"March 12th, 2003",2003-03-12,VIZ Media LLC,Paperback,Akira Toriyama,147,4.0/5,Yes,$9.99 ,No,978-1-56931-930-7
,Dragon Ball Z Vol. 2,Akira Toriyama,Shonen,"March 12th, 2003",2003-03-12,VIZ Media LLC,Paperback,Akira Toriyama,175,4.5/5,Yes,$9.99 ,No,978-1-56931-931-4
,Dragon Ball Z Vol. 3,Akira Toriyama,Shonen,"March 12th, 2003",2003-03-12,VIZ Media LLC,Paperback,Akira Toriyama,175,4.75/5,Yes,$9.99 ,No,978-1-56931-932-1
,Dragon Ball Z Vol. 4,Akira Toriyama,Shonen,"March 12th, 2003",2003-03-12,VIZ Media LLC,Paperback,Akira Toriyama,175,4.85/5,Yes,$9.99 ,No,978-1-56931-933-8
,Dragon Ball Z Vol. 5,Akira Toriyama,Shonen,"March 12th, 2003",2003-03-12,VIZ Media LLC,Paperback,Akira Toriyama,177,4.8/5,Yes,$9.99 ,No,978-1-56931-934-5
,Dragon Ball Z Vol. 6,Akira Toriyama,Shonen,"March 12th, 2003",2003-03-12,VIZ Media LLC,Paperback,Akira Toriyama,175,4.5/5,Yes,$9.99 ,No,978-1-56931-935-2
,Dragon Ball Z Vol. 7,Akira Toriyama,Shonen,"March 12th, 2003",2003-03-12,VIZ Media LLC,Paperback,Akira Toriyama,177,4.4/5,Yes,$9.99 ,No,978-1-56931-936-9
,Dragon Ball Z Vol. 8,Akira Toriyama,Shonen,"May 7th, 2003",2003-05-07,VIZ Media LLC,Paperback,Akira Toriyama,179,4.8/5,Yes,$9.99 ,No,978-1-56931-937-6
,Dragon Ball Z Vol. 9,Akira Toriyama,Shonen,"May 7th, 2003",2003-05-07,VIZ Media LLC,Paperback,Akira Toriyama,187,4.5/5,Yes,$9.99 ,No,978-1-56931-938-3
,Dragon Ball Z Vol. 10,Akira Toriyama,Shonen,"May 7th, 2003",2003-05-07,VIZ Media LLC,Paperback,Akira Toriyama,185,4.9/5,Yes,$9.99 ,No,978-1-56931-939-0
,Dragon Ball Z Vol. 11,Akira Toriyama,Shonen,"May 7th, 2003",2003-05-07,VIZ Media LLC,Paperback,Akira Toriyama,187,5.0/5,Yes,$9.99 ,No,978-1-56931-807-2
,Dragon Ball Z Vol. 12,Akira Toriyama,Shonen,"August 6th, 2003",2003-08-06,VIZ Media LLC,Paperback,Akira Toriyama,181,5.0/5,Yes,$9.99 ,No,978-1-56931-985-7
,Dragon Ball Z Vol. 13,Akira Toriyama,Shonen,"October 8th, 2003",2003-10-08,VIZ Media LLC,Paperback,Akira Toriyama,183,4.5/5,Yes,$9.99 ,No,978-1-56931-986-4
,Dragon Ball Z Vol. 14,Akira Toriyama,Shonen,"December 31st, 2003",2003-12-31,VIZ Media LLC,Paperback,Akira Toriyama,183,4.3/5,Yes,$9.99 ,No,978-1-59116-180-6
,Dragon Ball Z Vol. 15,Akira Toriyama,Shonen,"April 14th, 2004",2004-04-14,VIZ Media LLC,Paperback,Akira Toriyama,183,4.5/5,Yes,$9.99 ,No,978-1-59116-186-8
,Dragon Ball Z Vol. 16,Akira Toriyama,Shonen,"July 14th, 2004",2004-07-14,VIZ Media LLC,Paperback,Akira Toriyama,175,4.8/5,Yes,$9.99 ,No,978-1-59116-328-2
,Dragon Ball Z Vol. 17,Akira Toriyama,Shonen,"October 12th, 2004",2004-10-12,VIZ Media LLC,Paperback,Akira Toriyama,184,4.75/5,Yes,$9.99 ,No,978-1-59116-505-7
,Dragon Ball Z Vol. 18,Akira Toriyama,Shonen,"January 4th, 2005",2005-01-04,VIZ Media LLC,Paperback,Akira Toriyama,181,4.9/5,Yes,$9.99 ,No,978-1-59116-637-5
,Dragon Ball Z Vol. 19,Akira Toriyama,Shonen,"April 5th, 2005",2005-04-05,VIZ Media LLC,Paperback,Akira Toriyama,179,5.0/5,Yes,$9.99 ,No,978-1-59116-751-8
,Dragon Ball Z Vol. 20,Akira Toriyama,Shonen,"May 31st, 2005",2005-05-31,VIZ Media LLC,Paperback,Akira Toriyama,177,5.0/5,Yes,$9.99 ,No,978-1-59116-808-9
,Dragon Ball Z Vol. 21,Akira Toriyama,Shonen,"August 2nd, 2005",2005-08-02,VIZ Media LLC,Paperback,Akira Toriyama,191,3.75/5,Yes,$9.99 ,No,978-1-59116-873-7
,Dragon Ball Z Vol. 22,Akira Toriyama,Shonen,"October 10th, 2005",2005-10-10,VIZ Media LLC,Paperback,Akira Toriyama,191,5.0/5,Yes,$9.99 ,No,978-1-4215-0051-5
,Dragon Ball Z Vol. 23,Akira Toriyama,Shonen,"December 5th, 2005",2005-12-05,VIZ Media LLC,Paperback,Akira Toriyama,181,4.5/5,Yes,$9.99 ,No,978-1-4215-0148-2
,Dragon Ball Z Vol. 24,Akira Toriyama,Shonen,"February 7th, 2006",2006-02-07,VIZ Media LLC,Paperback,Akira Toriyama,181,4.4/5,Yes,$9.99 ,No,978-1-4215-0273-1
,Dragon Ball Z Vol. 25,Akira Toriyama,Shonen,"April 4th, 2006",2006-04-04,VIZ Media LLC,Paperback,Akira Toriyama,235,4.25/5,Yes,$9.99 ,No,978-1-4215-0404-9
,Dragon Ball Z Vol. 26,Akira Toriyama,Shonen,"June 6th, 2006",2006-06-06,VIZ Media LLC,Paperback,Akira Toriyama,243,4.5/5,Yes,$9.99 ,No,978-1-4215-0636-4
,The Autobiography of Nikola Tesla and Other Works,Nikola Tesla & Thomas Commerford Martin,Autobiography,"December 21st, 2021",2021-12-21,Canterbury Classics,Hardcover,N/A,742,N/A,No,$24.99 ,Leatherbound Costco,978-1-64517-438-7
,Diary of a Wimpy Kid #1,Jeff Kinney,Comedy,"April 1st, 2007",2007-04-01,Amulet Books,Hardcover,Jeff Kinney,217,4.5/5,Yes,$14.99 ,No,978-1-4197-4185-2
,Diary of a Wimpy Kid #2: Rodrick Rules,Jeff Kinney,Comedy,"February 1st, 2008",2008-02-01,Amulet Books,Hardcover,Jeff Kinney,217,5.0/5,Yes,$14.99 ,No,978-1-4197-4186-9
,Diary of a Wimpy Kid #3: The Last Straw,Jeff Kinney,Comedy,"January 1st, 2009",2009-01-01,Amulet Books,Hardcover,Jeff Kinney,217,4.75/5,Yes,$13.95 ,No,978-0-8109-7068-7
,Diary of a Wimpy Kid #4: Dog Days,Jeff Kinney,Comedy,"October 12th, 2009",2009-10-12,Amulet Books,Hardcover,Jeff Kinney,217,3.75/5,Yes,$13.95 ,No,978-0-8109-8391-5
,Diary of a Wimpy Kid #5: The Ugly Truth,Jeff Kinney,Comedy,"November 9th, 2010",2010-11-09,Amulet Books,Hardcover,Jeff Kinney,217,4.85/5,Yes,$13.95 ,No,978-0-8109-8491-2
,Diary of a Wimpy Kid #6: Cabin Fever,Jeff Kinney,Comedy,"November 15th, 2011",2011-11-15,Amulet Books,Hardcover,Jeff Kinney,217,5.0/5,Yes,$13.95 ,No,978-1-4197-0223-5
,Diary of a Wimpy Kid #7: The Third Wheel ,Jeff Kinney,Comedy,"November 13th, 2012",2012-11-13,Amulet Books,Paperback,Jeff Kinney,217,4.0/5,Yes,$8.49 ,No,978-1-4197-0729-2
,Diary of a Wimpy Kid #8: Hard Luck,Jeff Kinney,Comedy,"November 5th, 2013",2013-11-05,Amulet Books,Paperback,Jeff Kinney,217,3.5/5,Yes,$8.99 ,No,978-1-4197-1176-3
,Diary of a Wimpy Kid #9: The Long Haul,Jeff Kinney,Comedy,"November 4th, 2014",2014-11-04,Amulet Books,Paperback,Jeff Kinney,217,4.25/5,Yes,$8.99 ,No,978-1-4197-1499-3
,Diary of a Wimpy Kid #10: Old School,Jeff Kinney,Comedy,"November 3rd, 2015",2015-11-03,Amulet Books,Paperback,Jeff Kinney,217,4.0/5,Yes,$8.99 ,No,978-1-4197-1961-5
,Diary of a Wimpy Kid #11: Double Down,Jeff Kinney,Comedy,"November 1st, 2016",2016-11-01,Amulet Books,Paperback,Jeff Kinney,217,N/A,No,$8.99 ,No,978-1-4197-2486-2
,Diary of a Wimpy Kid #12: The Getaway,Jeff Kinney,Comedy,"November 7th, 2017",2017-11-07,Amulet Books,Hardcover,Jeff Kinney,217,N/A,No,$13.95 ,No,978-1-4197-2545-6
,Diary of a Wimpy Kid #13: The Meltdown,Jeff Kinney,Comedy,"October 30th, 2018",2018-10-30,Amulet Books,Hardcover,Jeff Kinney,217,N/A,No,$13.95 ,No,978-1-4197-2743-6
,Diary of a Wimpy Kid #14: Wrecking Ball,Jeff Kinney,Comedy,"November 5th, 2019",2019-11-05,Amulet Books,Hardcover,Jeff Kinney,217,N/A,No,$14.99 ,No,978-1-4197-3903-3
,Diary of a Wimpy Kid #15: The Deep End ,Jeff Kinney,Comedy,"October 27th, 2020",2020-10-27,Amulet Books,Hardcover,Jeff Kinney,217,N/A,No,$14.99 ,No,978-1-4197-4868-4
,Diary of a Wimpy Kid #16: Big Shot,Jeff Kinney,Comedy,"October 26th, 2021",2021-10-26,Amulet Books,Hardcover,Jeff Kinney,217,N/A,No,$14.99 ,No,978-1-4197-4915-5
,The Wimpy Kid Movie Diary,Jeff Kinney,Comedy,"March 16th, 2010",2010-03-16,Amulet Books,Paperback,Jeff Kinney,199,3.8/5,Yes,$7.99 ,No,978-0-8109-9684-7
,The Wimpy Kid Movie Diary: The Next Chapter,Jeff Kinney,Comedy,"May 9th, 2017 ",2017-05-09,Amulet Books,Hardcover,Jeff Kinney,199,N/A,No,$16.95 ,No,978-1-4197-2752-8
,Diary of a Wimpy Kid: Special Cheesiest Edition,Jeff Kinney,Comedy,"August 8th, 2017",2017-08-08,Amulet Books,Hardcover,Jeff Kinney,217,N/A,No,$16.95 ,Special Cheesiest Edition,978-1-4197-2945-4
,The Wimpy Kid Do-It-Yourself Book,Jeff Kinney,Comedy,"May 10th, 2011",2011-05-10,Amulet Books,Hardcover,Jeff Kinney,217,4.0/5,Yes,$14.99 ,No,978-1-4197-4190-6
,Diary of a Wimpy Kid (Special Disney+ Cover Edition) ,Jeff Kinney,Comedy,"November 23rd, 2021",2021-11-23,Amulet Books,Hardcover,Jeff Kinney,217,N/A,No,$14.99 ,Special Disney+ Cover Edition,978-1-4197-6110-2
,Rowley Jefferson's Awesome Friendly Spooky Stories,Jeff Kinney,Comedy,"March 16th, 2021",2021-03-16,Amulet Books,Hardcover,Jeff Kinney,217,N/A,No,$14.99 ,No,978-1-4197-5697-9
,Rowley Jefferson's Awesome Friendly Adventure,Jeff Kinney,Comedy,"August 4th, 2020",2020-08-04,Amulet Books,Hardcover,Jeff Kinney,217,N/A,No,$14.99 ,No,978-1-4197-4909-4
,Diary of an Awesome Friendly Kid: Rowley Jefferson's Journal,Jeff Kinney,Comedy,"April 9th, 2019",2019-04-09,Amulet Books,Hardcover,Jeff Kinney,217,N/A,No,$13.99 ,No,978-1-4197-4027-5
,Bluford High Series #1: Lost and Found,Anne Schraff ,Young Adult/Teen Fiction,"September 30th, 2001 ",2001-09-30,Townsend Press,Paperback,N/A,133,N/A,Need To Reread,$4.95 ,No,978-0-944210-02-4
,Bluford High Series #2: A Matter of Trust ,Anne Schraff ,Young Adult/Teen Fiction,"November 30th, 2002",2002-11-30,Townsend Press,Paperback,N/A,125,N/A,Need To Reread,$4.95 ,No,978-0-944210-03-1
,Bluford High Series #3: Secrets in the Shadows,Anne Schraff ,Young Adult/Teen Fiction,"November 30th, 2001",2001-11-30,Townsend Press,Paperback,N/A,126,N/A,Need To Reread,$4.95 ,No,978-0-44210-05-5
,Bluford High Series #4: Someone to Love Me ,Anne Schraff ,Young Adult/Teen Fiction,"January 1st, 2002 ",2002-01-01,Townsend Press,Paperback,N/A,162,N/A,Need To Reread,$4.95 ,No,978-0-944210-06-2
,Bluford High Series #5: The Bully ,Paul Langan,Young Adult/Teen Fiction,"January 6th, 2002",2002-01-06,Townsend Press,Paperback,N/A,190,N/A,Need To Reread,$4.95 ,No,978-0-944210-00-0
,Bluford High Series #6: The Gun,Paul Langan,Young Adult/Teen Fiction,"December 31st, 2002",2002-12-31,Townsend Press,Paperback,N/A,123,N/A,Need To Reread,$4.95 ,No,978-0-944210-04-8
,Bluford High Series #7: Until We Meet Again,Anne Schraff ,Young Adult/Teen Fiction,"December 31st, 2002",2002-12-31,Townsend Press,Paperback,N/A,144,N/A,Need To Reread,$4.95 ,No,978-0-944210-07-9
,Bluford High Series #8: Blood Is Thicker,Paul Langan & D.M. Blackwell,Young Adult/Teen Fiction,"May 31st, 2008",2008-05-31,Townsend Press,Paperback,N/A,156,N/A,Need To Reread,$4.95 ,No,978-1-59194-016-6
,Bluford High Series #9: Brothers in Arms,Paul Langan & Ben Alirez,Young Adult/Teen Fiction,"December 31st, 2004",2004-12-31,Townsend Press,Paperback,N/A,152,N/A,Need To Reread,$4.95 ,No,978-1-59194-017-3
,Bluford High Series #10: Summer of Secrets,Paul Langan,Young Adult/Teen Fiction,"June 1st, 2004",2004-06-01,Townsend Press,Paperback,N/A,142,N/A,Need To Reread,$4.95 ,No,978-1-59194-018-0
,Bluford High Series #11: The Fallen,Paul Langan,Young Adult/Teen Fiction,"June 14th, 2006",2006-06-14,Townsend Press,Paperback,N/A,133,N/A,Need To Reread,$4.95 ,No,978-1-59194-066-1
,Bluford High Series #12: Shattered,Paul Langan ,Young Adult/Teen Fiction,"June 1st, 2006",2006-06-01,Townsend Press,Paperback,N/A,123,N/A,Need To Reread,$4.95 ,No,978-1-59194-069-2
,Bluford High Series #13: Search for Safety ,John Langan,Young Adult/Teen Fiction,"June 15th, 2006",2006-06-15,Townsend Press,Paperback,N/A,128,N/A,Need To Reread,$4.95 ,No,978-1-59194-070-8
,Bluford High Series #14: No Way Out,Peggy Kern,Young Adult/Teen Fiction,"September 22nd, 2008",2008-09-22,Townsend Press,Paperback,N/A,140,N/A,Need To Reread,$4.95 ,No,978-1-59194-176-8
,Bluford High Series #15: Schooled,Paul Langan,Young Adult/Teen Fiction,"September 21st, 2008",2008-09-21,Townsend Press,Paperback,N/A,140,N/A,Need To Reread,$4.95 ,No,978-1-59194-177-6
,Bluford High Series #16: Breaking Point,Karyn Langhorne Folan & Paul Langan,Young Adult/Teen Fiction,"December 15th, 2010",2010-12-15,Townsend Press,Paperback,N/A,150,N/A,Need To Reread,$4.95 ,No,978-1-59194-232-2
,Bluford High Series #17: The Test,Peggy Kern,Young Adult/Teen Fiction,"January 1st, 2010",2010-01-01,Townsend Press,Paperback,N/A,139,N/A,Need To Reread,$4.95 ,No,978-1-59194-234-4
,Bluford High Series #18: Pretty Ugly ,Karyn Langhorne Folan  ,Young Adult/Teen Fiction,"December 14th, 2010",2010-12-14,Townsend Press,Paperback,N/A,171,N/A,Need To Reread,$4.95 ,No,978-1-59194-233-7
,Bluford High Series #19: Promises To Keep ,Paul Langan,Young Adult/Teen Fiction,"December 31st, 2013",2013-12-31,Townsend Press,Paperback,N/A,151,N/A,Need To Reread,$5.95 ,No,978-1-59194-303-7
,Bluford High Series #20: Survivor ,Paul Langan ,Young Adult/Teen Fiction,"January 1st, 2013",2013-01-01,Townsend Press,Paperback,N/A,138,N/A,Need To Reread,$5.95 ,No,978-1-59194-304-4
,Bluford High Series #21: Girl Like Me,Tanya Savory ,Young Adult/Teen Fiction,"November 16th, 2015 ",2015-11-16,Townsend Press,Paperback,N/A,129,N/A,Need To Reread,$5.95 ,No,978-1-59194-470-8
,Bluford High Series #22: The Chosen ,Karyn Langhorne Folan & Paul Langan,Young Adult/Teen Fiction,"August 31st, 2020",2020-08-31,Townsend Press,Paperback,N/A,147,N/A,Need To Reread,$5.95 ,No,978-1-59194-576-5
,Avatar The Last Airbender: The Rise of Kyoshi ,F.C. Yee & Michael Dante DiMartino,Fantasy,"July 16th, 2019 ",2019-07-16,Amulet Books,Hardcover,N/A,442,N/A,No,$18.99 ,No,978-1-4197-3504-2
,Avatar The Last Airbender: The Shadow of Kyoshi,F.C. Yee & Michael Dante DiMartino,Fantasy,"July 21st, 2020",2020-07-21,Amulet Books,Hardcover,N/A,341,N/A,No,$18.99 ,No,978-1-4197-3505-9
,Avatar The Last Airbender - The Lost Scrolls: Water,Michael Teitelbaum ,Fantasy ,"January 1st, 2007 ",2007-01-01,Scholastic ,Paperback,Patrick Spaziante,64,3.0/5,Yes,$4.99 ,No,978-0-439-87011-5
,Avatar The Last Airbender - The Lost Scrolls: Earth,Michael Teitelbaum ,Fantasy,"January 23rd, 2007 ",2007-01-23,Simon Spotlight/Nickelodeon,Paperback,Shane L. Johnson,64,3.0/5,Yes,$4.99 ,No,978-1-4169-1877-6
,Avatar The Last Airbender - The Lost Scrolls: Fire,Tom Mason & Dan Danko ,Fantasy,"January 1st, 2007 ",2007-01-01,Simon Spotlight/Nickelodeon,Paperback,Patrick Spaziante,64,3.0/5,Yes,$4.99 ,No,978-0-439-87012-2
,Avatar The Last Airbender - The Lost Scrolls: Air,Tom Mason & Dan Danko ,Fantasy,"January 23rd, 2007 ",2007-01-23,Scholastic ,Paperback,Shane L. Johnson ,64,3.0/5,Yes,$4.99 ,No,978-1-4169-1879-0
,Avatar The Last Airbender: Smoke And Shadow,Bryan Konietzko & Michael Dante DiMartino ,Graphic Novel,"October 5th, 2021",2021-10-05,Dark Horse Books,Paperback,Gurihiru,232,N/A,No,$24.99 ,Omnibus,978-1-50672-168-2
,"Avatar The Last Airbender: Suki, Alone",Faith Erin Hicks,Graphic Novel,"July 27th, 2021 ",2021-07-27,Dark Horse Books,Paperback,Peter Wartman & Adele Matera,76,N/A,No,$12.99 ,No,978-1-50671-713-5
,Avatar The Last Airbender: Toph Beifong's Metalbending Academy,Faith Erin Hicks,Graphic Novel,"February 16th, 2021",2021-02-16,Dark Horse Books,Paperback,Peter Wartman & Adele Matera,77,N/A,No,$12.99 ,No,978-1-50671-712-8
,Avatar The Last Airbender: Katara and the Pirate's Silver,Faith Erin Hicks,Graphic Novel,"October 13th, 2020",2020-10-13,Dark Horse Books,Paperback,Peter Wartman & Adele Matera,77,N/A,No,$12.99 ,No,978-1-50671-711-1
,The Legend of Korra: Turf Wars,Bryan Konietzko & Michael Dante DiMartino ,Graphic Novel,"March 26th, 2019 ",2019-03-26,Dark Horse Books,Hardcover,Irene Koh & Vivian Ng,239,N/A,No,$39.99 ,Library Edition,978-1-50670-202-5
,The Legend of Korra: Ruins of the Empire,Bryan Konietzko & Michael Dante DiMartino ,Graphic Novel,"September 29th, 2020",2020-09-29,Dark Horse Books,Hardcover,Michelle & Killian Ng ,239,N/A,No,$39.99 ,Library Edition,978-1-50670-893-5
,Avatar The Last Airbender: North And South,Bryan Konietzko & Michael Dante DiMartino & Gene Luen Yang ,Graphic Novel,"November 7th, 2017",2017-11-07,Dark Horse Books,Hardcover,Gurihiru,236,N/A,No,$39.99 ,Library Edition ,978-1-50670-195-0
,Avatar The Last Airbender: Imbalance,Bryan Konietzko & Michael Dante DiMartino & Faith Erin Hicks,Graphic Novel,"June 16th, 2020",2020-06-16,Dark Horse Books,Hardcover,Peter Wartman & Adele Matera,236,N/A,No,$39.99 ,Library Edition ,978-1-50670-812-6
,Avatar The Last Airbender: The Lost Adventures | Team Avatar Tales,Gene Luen Yang & Faith Erin Hicks ,Graphic Novel,"November 10th, 2020 ",2020-11-10,Dark Horse Books,Hardcover,Sarah Goetter & Gurihiru ,309,N/A,No,$39.99 ,Library Edition ,978-1-50672-274-0
,Avatar The Last Airbender: The Search,Bryan Konietzko & Michael Dante DiMartino & Gene Luen Yang ,Graphic Novel,"February 18th, 2014",2014-02-18,Dark Horse Books,Hardcover,Gurihiru,238,N/A,No,$39.99 ,Hardcover Collection,978-1-61655-226-8
,Avatar The Last Airbender: The Promise,Bryan Konietzko & Michael Dante DiMartino & Gene Luen Yang,Graphic Novel,"February 19th, 2013 ",2013-02-19,Dark Horse Books,Hardcover,Gurihiru,238,N/A,No,$39.99 ,Hardcover Collection,978-1-61655-074-5
,Avatar The Last Airbender: The Rift ,Bryan Konietzko & Michael Dante DiMartino & Gene Luen Yang,Graphic Novel,"February 11th, 2015",2015-02-11,Dark Horse Books,Hardcover,Gurihiru,238,N/A,No,$39.99 ,Hardcover Collection,978-1-61655-550-4
,Fantastic Beasts & Where to Find Them ,J.K. Rowling ,Fantasy ,"March 14th, 2017 ",2017-03-14,Scholastic ,Paperback ,N/A,88,N/A,No,$12.99 ,No,978-1-338-13231-1
,The Unofficial Harry Potter Character Compendium: MuggleNet's Ultimate Guide To Who's Who In The Wizarding World ,The Editors of MuggleNet,Compendium,"June 23rd, 2020 ",2020-06-23,Media Lab Books,Hardcover,N/A,334,N/A,No,$16.99 ,No,978-1-948174-44-2
,Harry Potter and the Chamber of Secrets,J.K. Rowling ,Fantasy,"September 1st, 2000",2000-09-01,Scholastic ,Paperback,N/A,341,3.0/5,Yes,$6.99 ,No,0-439-06487-2
,Harry Potter and the Chamber of Secrets,J.K. Rowling ,Fantasy ,"August 27th, 2013 ",2013-08-27,Scholastic ,Hardcover,N/A,341,3.0/5,Yes,$8.99 ,No,978-0-329-97856-9
,Harry Potter and the Deathly Hallows,J.K. Rowling ,Fantasy,"August 1st, 2007 ",2007-08-01,Scholastic ,Hardcover,N/A,759,5.0/5,Yes,$34.99 ,No,978-0-545-01022-1
,Harry Potter and the Half-Blood Prince ,J.K. Rowling,Fantasy,"August 1st, 2005",2005-08-01,Scholastic ,Hardcover,N/A,652,4.8/5,Yes,$29.99 ,No,978-0-439-78454-2
,Harry Potter and the Half-Blood Prince ,J.K. Rowling,Fantasy,"August 1st, 2005",2005-08-01,Scholastic ,Hardcover,N/A,652,4.8/5,Yes,$29.99 ,No,978-0-439-78454-2
,Harry Potter and the Sorcerer's  Stone,J.K. Rowling,Fantasy,"October 1st, 1998",1998-10-01,Scholastic ,Hardcover,N/A,309,3.75/5,Yes,$26.99 ,No,978-0-590-35340-3
,Harry Potter and the Chamber of Secrets,J.K. Rowling,Fantasy,"July 1st, 1999",1999-07-01,Scholastic ,Hardcover,N/A,341,3.0/5,Yes,$26.99 ,No,978-0-439-06486-6
,Harry Potter and the Prisoner of Azkaban,J.K. Rowling,Fantasy,"October 1st, 1999",1999-10-01,Scholastic ,Hardcover,N/A,435,4.15/5,Yes,$19.95 ,No,0-439-13635-0
,Harry Potter and the Goblet of Fire,J.K. Rowling,Fantasy,"August 1st, 2000",2000-08-01,Scholastic,Hardcover,N/A,734,3.25/5,Yes,$29.99 ,No,978-0-439-13959-5
,Harry Potter and the Order of the Phoenix,J.K. Rowling,Fantasy,"July 1st, 2003 ",2003-07-01,Scholastic,Hardcover,N/A,870,4.0/5,Yes,$29.99 ,No,978-0-439-35806-4
,Harry Potter and the Half-Blood Prince ,J.K. Rowling,Fantasy,"August 1st, 2005",2005-08-01,Scholastic,Hardcover,N/A,652,4.8/5,Yes,$29.99 ,No,978-0-439-78454-2
,Harry Potter and the Deathly Hallows,J.K. Rowling,Fantasy,"August 1st, 2007 ",2007-08-01,Scholastic,Hardcover,N/A,759,5.0/5,Yes,$34.99 ,No,978-0-545-01022-1
,The Heroes of Olympus: The Son of Neptune ,Rick Riordan,Graphic Novel,"February 21st, 2017",2017-02-21,Disney-Hyperion,Paperback,Robert Venditti & Antoine Dodé & Orpheus Collar,192,4.0/5,Yes,$12.99 ,No,978-148472303-6
,The Heroes of Olympus: The Lost Hero,Rick Riordan,Graphic Novel,"October 7th, 2014",2014-10-07,Disney-Hyperion,Paperback,Robert Venditti & Nate Powell & Orpheus Collar,192,3.5/5,Yes,$12.99 ,No,978-142316325-1
,The Kane Chronicles: The Serpent's Shadow,Rick Riordan,Graphic Novel,"October 3rd, 2017",2017-10-03,Disney-Hyperion,Paperback,Orpheus Collar ,160,4.5/5,Yes,$12.99 ,No,978-148478234-7
,The Kane Chronicles: The Throne of Fire,Rick Riordan,Graphic Novel,"October 6th, 2015",2015-10-06,Disney-Hyperion,Paperback,Orpheus Collar ,160,3.75/5,Yes,$12.99 ,No,978-148471493-5
,The Kane Chronicles: The Red Pyramid,Rick Riordan,Graphic Novel,"October 2nd, 2012",2012-10-02,Disney-Hyperion,Paperback,Orpheus Collar ,192,4.25/5,Yes,$12.99 ,No,978-142315069-5
,Percy Jackson & The Olympians: The Last Olympian,Rick Riordan,Graphic Novel,"August 13th, 2019",2019-08-13,Disney-Hyperion,Paperback,Robert Venditti & Antoine Dodé & Orpheus Collar,128,4.0/5,Yes,$12.99 ,No,978-148478638-3
,Percy Jackson & The Olympians: The Battle of the Labyrinth,Rick Riordan,Graphic Novel,"October 2nd, 2018",2018-10-02,Disney-Hyperion,Paperback,Robert Venditti & Antoine Dodé & Orpheus Collar,128,3.75/5,Yes,$12.99 ,No,978-148-478639-0
,Percy Jackson & The Olympians: The Titan's Curse,Rick Riordan,Graphic Novel,"October 8th, 2013",2013-10-08,Disney-Hyperion,Paperback,Robert Venditti & Attila Futaki & Greg Guilahaumond,128,4.0/5,Yes,$12.99 ,No,978-142314551-6
,Percy Jackson & The Olympians: The Sea of Monsters,Rick Riordan,Graphic Novel,"July 2nd, 2013",2013-07-02,Disney-Hyperion,Paperback,Robert Venditti & Attila Futaki & Tamás Gáspár,128,2.85/5,Yes,$12.99 ,No,978-142314550-9
,Percy Jackson & The Olympians: The Lightning Thief,Rick Riordan,Graphic Novel,"October 12th, 2010",2010-10-12,Disney-Hyperion,Paperback,Robert Venditti & Attila Futaki & José Villarrubia,128,3.25/5,Yes,$12.99 ,No,978-142311710-0
,Percy Jackson & The Olympians: The Last Olympian,Rick Riordan,Fantasy/Adventure,"May 5th, 2009",2009-05-05,Disney-Hyperion,Hardcover,N/A,381,5.0/5,Yes,$17.99 ,First Cover Mass-Printed Hardcover Edition,978-142310147-5
,Percy Jackson & The Olympians: The Battle of the Labyrinth,Rick Riordan,Fantasy/Adventure,"May 6th, 2008",2008-05-06,Disney-Hyperion,Hardcover,N/A,361,4.75/5,Yes,$17.99 ,First Cover Mass-Printed Hardcover Edition,978-142310146-8
,Percy Jackson & The Olympians: The Titan's Curse,Rick Riordan,Fantasy/Adventure,"May 1st, 2007",2007-05-01,Miramax Books,Hardcover,N/A,312,5.0/5,Yes,$17.95 ,First Cover Mass-Printed Hardcover Edition,978-142310145-1
,Percy Jackson & The Olympians: The Sea of Monsters,Rick Riordan,Fantasy/Adventure,"April 1st, 2007",2007-04-01,Miramax Books,Hardcover,N/A,279,3.5/5,Yes,$17.95 ,First Cover Mass-Printed Hardcover Edition,078685686-6
,Percy Jackson & The Olympians: The Lightning Thief,Rick Riordan,Fantasy/Adventure,"July 1st, 2005",2005-07-01,Miramax,Hardcover,N/A,377,4.0/5,Yes,$17.95 ,First Cover Mass-Printed Hardcover Edition,978-078685629-9
,Percy Jackson & The Olympians: The Last Olympian,Rick Riordan,Fantasy/Adventure,"May 5th, 2009",2009-05-05,Disney-Hyperion,Paperback,N/A,381,5.0/5,Yes,$7.99 ,First Cover Mass-Printed Paperback Edition,978-142310150-5
,Percy Jackson & The Olympians: The Battle of the Labyrinth,Rick Riordan,Fantasy/Adventure,"May 6th, 2008",2008-05-06,Disney-Hyperion,Paperback,N/A,361,4.75/5,Yes,$7.99 ,First Cover Mass-Printed Paperback Edition,978-142310149-9
,Percy Jackson & The Olympians: The Titan's Curse,Rick Riordan,Fantasy/Adventure,"May 1st, 2007",2007-05-01,Disney-Hyperion,Paperback,N/A,312,5.0/5,Yes,$7.99 ,First Cover Mass-Printed Paperback Edition,978-142310148-2
,Percy Jackson & The Olympians: The Sea of Monsters,Rick Riordan,Fantasy/Adventure,"April 1st, 2007",2007-04-01,Scholastic ,Paperback,N/A,279,3.5/5,Yes,$4.99 ,First Cover Mass-Printed Paperback Edition,978-0-439-02702-1
,Percy Jackson & The Olympians: The Lightning Thief,Rick Riordan,Fantasy/Adventure,"April 1st, 2006",2006-04-01,Disney-Hyperion,Paperback,N/A,377,4.0/5,Yes,$7.99 ,First Cover Mass-Printed Paperback Edition,078682865-5
,The Heroes of Olympus: The Lost Hero,Rick Riordan,Fantasy/Adventure,"October 12th, 2010",2010-10-12,Disney-Hyperion,Hardcover,N/A,553,3.89/5,Yes,$19.99 ,No,978-142311339-3
,The Heroes of Olympus: The Son of Neptune,Rick Riordan,Fantasy/Adventure,"October 4th, 2011",2011-10-04,Disney-Hyperion,Hardcover,N/A,513,4.85/5,Yes,$19.99 ,No,978-14231059-7
,The Heroes of Olympus: The Mark of Athena,Rick Riordan,Fantasy/Adventure,"October 2nd, 2012",2012-10-02,Disney-Hyperion,Hardcover,N/A,574,5.0/5,Yes,$19.99 ,Barnes & Noble Exclusive Edition,978-142314060-3
,The Heroes of Olympus: The House of Hades,Rick Riordan,Fantasy/Adventure,"October 8th, 2013",2013-10-08,Disney-Hyperion,Hardcover,N/A,583,4.95/4,Yes,$19.99 ,No,978-142314672-8
,The Heroes of Olympus: The Blood of Olympus,Rick Riordan,Fantasy/Adventure,"October 7th, 2014",2014-10-07,Disney-Hyperion,Hardcover,N/A,502,4.25/5,Yes,$19.99 ,No,978-142314673-5
,Percy Jackson & The Olympians: The Last Olympian,Rick Riordan,Fantasy/Adventure,"June 4th, 2014",2014-06-04,Disney-Hyperion,Paperback,N/A,381,5.0/5,Yes,$7.99 ,Second Cover Mass-Printed Paperback Edition,978-142310150-5
,Percy Jackson & The Olympians: The Battle of the Labyrinth,Rick Riordan,Fantasy/Adventure,"June 4th, 2014",2014-06-04,Disney-Hyperion,Paperback,N/A,361,4.75/5,Yes,$7.99 ,Second Cover Mass-Printed Paperback Edition,978-142310149-9
,Percy Jackson & The Olympians: The Titan's Curse,Rick Riordan,Fantasy/Adventure,"June 4th, 2014",2014-06-04,Disney-Hyperion,Paperback,N/A,312,5.0/5,Yes,$7.99 ,Second Cover Mass-Printed Paperback Edition,978-142310148-2
,Percy Jackson & The Olympians: The Sea of Monsters,Rick Riordan,Fantasy/Adventure,"June 4th, 2014",2014-06-04,Disney-Hyperion,Paperback,N/A,279,3.5/5,Yes,$7.99 ,Second Cover Mass-Printed Paperback Edition,978-142310334-9
,Percy Jackson & The Olympians: The Lightning Thief,Rick Riordan,Fantasy/Adventure,"June 4th, 2014",2014-06-04,Disney-Hyperion,Paperback,N/A,377,4.0/5,Yes,$7.99 ,Second Cover Mass-Printed Paperback Edition,978-078683865-3
,The Kane Chronicles: The Serpent's Shadow,Rick Riordan,Fantasy/Adventure,"April 3rd, 2018",2018-04-03,Disney-Hyperion,Paperback,N/A,401,5.0/5,Yes,$9.99 ,No,978-136801357-4
,The Kane Chronicles: The Throne of Fire,Rick Riordan,Fantasy/Adventure,"April 3rd, 2018",2018-04-03,Disney-Hyperion,Paperback,N/A,448,4.0/5,Yes,$9.99 ,No,978-136801359-8
,The Kane Chronicles: The Red Pyramid,Rick Riordan,Fantasy/Adventure,"April 3rd, 2018",2018-04-03,Disney-Hyperion,Paperback,N/A,516,4.5/5,Yes,$9.99 ,No,978-136801358-1
,Percy Jackson & The Olympians: The Titan's Curse,Rick Riordan,Fantasy/Adventure,"May 1st, 2007",2007-05-01,Scholastic,Paperback,N/A,312,5.0/5,Yes,$4.99 ,No,978-0-545-07833-7
,Percy Jackson & The Olympians: The Lightning Thief,Rick Riordan,Fantasy/Adventure,"July 1st, 2005",2005-07-01,Scholastic,Paperback,N/A,377,4.0/5,Yes,$4.99 ,No,978-0-439-86130-4
,The Kane Chronicles: The Red Pyramid,Rick Riordan,Fantasy/Adventure,"May 4th, 2010",2010-05-04,Disney-Hyperion,Paperback,N/A,516,4.5/5,Yes,$9.99 ,No,978-142311345-4
,Percy Jackson Demigod Collection,Rick Riordan,Fantasy/Adventure,"September 24th, 2019",2019-09-24,Disney-Hyperion,Paperback,N/A,1392,3.79/5,Yes,$19.99 ,No,978-136805748-6
,Percy Jackson's Greek Heroes,Rick Riordan,Fantasy/Adventure,"August 6th, 2015",2015-08-06,Disney-Hyperion,Hardcover,John Rocco,387,3.5/5,Yes,$24.99 ,No,978-142318365-5
,Percy Jackson's Greek Gods,Rick Riordan,Fantasy/Adventure,"August 7th, 2014",2014-08-07,Disney-Hyperion,Hardcover,John Rocco,318,3.35/5,Yes,$24.99 ,No,978-142318364-8
,The Kane Chronicles: The Red Pyramid,Rick Riordan,Fantasy/Adventure,"May 4th, 2010",2010-05-04,Disney-Hyperion,Hardcover,N/A,516,4.5/5,Yes,$17.99 ,No,978-142311338-6
,The Kane Chronicles: The Throne of Fire,Rick Riordan,Fantasy/Adventure,"May 3rd, 2011",2011-05-03,Disney-Hyperion,Hardcover,N/A,447,4.0/5,Yes,$18.99 ,No,978-142314056-6
,The Kane Chronicles: The Serpent's Shadow,Rick Riordan,Fantasy/Adventure,"May 1st, 2012",2012-05-01,Disney-Hyperion,Hardcover,N/A,401,5.0/5,Yes,$19.99 ,No,978-142314057-3
,Magnus Chase and the Gods of Asgard: The Sword of Summer,Rick Riordan,Fantasy/Adventure,"October 6th, 2015",2015-10-06,Disney-Hyperion,Hardcover,N/A,491,3.5/5,Yes,$19.99 ,No,978-142316091-5
,Magnus Chase and the Gods of Asgard: The Hammer of Thor,Rick Riordan,Fantasy/Adventure,"October 4th, 2016",2016-10-04,Disney-Hyperion,Hardcover,N/A,459,3.0/5,Yes,$19.99 ,Barnes & Noble Exclusive Edition,978-136800030-7
,Magnus Chase and the Gods of Asgard: The Ship of The Dead ,Rick Riordan,Fantasy/Adventure,"October 3rd, 2017",2017-10-03,Disney-Hyperion,Hardcover,N/A,410,4.5/5,Yes,$19.99 ,Barnes & Noble Exclusive Edition,978-136802150-0
,The Trials of Apollo: The Hidden Oracle,Rick Riordan,Fantasy/Adventure,"May 3rd, 2016",2016-05-03,Disney-Hyperion,Hardcover,N/A,361,3.35/5,Yes,$19.99 ,No,978-148473274-8
,The Trials of Apollo: The Dark Prophecy,Rick Riordan,Fantasy/Adventure,"April 28th, 2017",2017-04-28,Disney-Hyperion,Hardcover,N/A,401,3.5/5,Yes,$19.99 ,Barnes & Noble Exclusive Edition,978-136800955-3
,The Trials of Apollo: The Burning Maze,Rick Riordan,Fantasy/Adventure,"May 1st, 2018",2018-05-01,Disney-Hyperion,Hardcover,N/A,419,3.15/5,Yes,$19.99 ,No,978-148474643-1
,The Trials of Apollo: The Tyrant's Tomb,Rick Riordan,Fantasy/Adventure,"September 24th, 2019",2019-09-24,Disney-Hyperion,Hardcover,N/A,423,4.45/5,Yes,$19.99 ,No,978-148474644-8
,The Trials of Apollo: The Tower of Nero ,Rick Riordan,Fantasy/Adventure,"October 6th, 2020",2020-10-06,Disney-Hyperion,Hardcover,N/A,396,4.0/5,Yes,$19.99 ,Barnes & Noble Exclusive Edition,978-136806538-2
,Demigods & Magicians: Percy and Annabeth Meet the Kanes,Rick Riordan,Fantasy/Adventure,"April 5th, 2016",2016-04-05,Disney-Hyperion,Hardcover,N/A,187,4.35/5,Yes,$14.99 ,No,978-148473278-6
,The Demigod Diaries,Rick Riordan,Fantasy/Adventure,"August 14th, 2012",2012-08-14,Disney-Hyperion,Hardcover,N/A,242,3.85/5,Yes,$12.99 ,No,978-142316300-8
,Percy Jackson & The Olympians: The Demigod Files,Rick Riordan,Fantasy/Adventure,"February 10th, 2009 ",2009-02-10,Disney-Hyperion,Hardcover,N/A,151,3.95/5,Yes,$12.99 ,No,978-142312166-4
,From Percy Jackson: Camp Half-Blood Confidential: Your Real Guide to the Demigod Training Camp,Rick Riordan,Fantasy/Adventure,"May 2nd, 2017 ",2017-05-02,Disney-Hyperion,Hardcover,N/A,146,3.5/5,Yes,$9.99 ,No,978-1484784555-3
,Camp Jupiter Classified: A Probatio's Journal,Rick Riordan,Fantasy/Adventure,"May 5th, 2020",2020-05-05,Disney-Hyperion,Hardcover,N/A,134,N/A,No,$10.99 ,No,978-136802405-1
,"For Magnus Chase: Hotel Valhalla Guide to the Norse Worlds: Your Introduction to Deities, Mythical Beings & Fantastic Creatures",Rick Riordan,Fantasy/Adventure,"August 16th, 2016",2016-08-16,Disney-Hyperion,Hardcover,N/A,148,N/A,No,$9.99 ,No,978-148478554-6
,"From the Kane Chronicles: Brooklyn House Magician's Manual: Your Guide to Egyptian Gods & Creatures, Glyphs & Spells, and More",Rick Riordan,Fantasy/Adventure,"May 1st, 2018",2018-05-01,Disney-Hyperion,Hardcover,N/A,180,N/A,No,$9.99 ,No,978-1484-78553-9
,Magnus Chase and the Gods of Asgard: 9 from the Nine Worlds,Rick Riordan,Fantasy/Adventure,"October 2nd, 2018",2018-10-02,Disney-Hyperion,Hardcover,N/A,151,N/A,No,$12.99 ,No,978-136802404-4
,The Kane Chronicles Survival Guide,Rick Riordan,Fantasy/Adventure,"March 20th, 2012",2012-03-20,Disney-Hyperion,Hardcover,John Rocco,144,3.0/5,Yes,$12.99 ,No,978-142315362-7
,Percy Jackson & The Olympians: The Ultimate Guide,Rick Riordan,Fantasy/Adventure,"January 18th, 2010",2010-01-18,Disney-Hyperion,Hardcover,John Rocco,156,3.0/5,Yes,$12.99 ,No,978-142312171-8
,Percy Jackson & The Olympians: The Ultimate Guide,Rick Riordan,Fantasy/Adventure,"January 18th, 2010",2010-01-18,Disney-Hyperion,Hardcover,John Rocco,156,3.0/5,Yes,$12.99 ,No,978-142312171-8
,My Hero Academia Vol. 1,Kohei Horikoshi,Shonen,"August 4th, 2015",2015-08-04,Viz Media LLC,Paperback,Kohei Horikoshi,189,4.5/5,Yes,$9.99 ,No,978-1-4215-8269-6
,My Hero Academia Vol. 2,Kohei Horikoshi,Shonen,"November 3rd, 2015",2015-11-03,Viz Media LLC,Paperback,Kohei Horikoshi,207,4.0/5,Yes,$9.99 ,No,978-1-4215-8270-2
,My Hero Academia Vol. 3,Kohei Horikoshi,Shonen,"February 2nd, 2016",2016-02-02,Viz Media LLC,Paperback,Kohei Horikoshi,191,4.3/5,Yes,$9.99 ,No,978-1-4215-8510-9
,My Hero Academia Vol. 4,Kohei Horikoshi,Shonen,"May 3rd, 2016",2016-05-03,Viz Media LLC,Paperback,Kohei Horikoshi,189,3.75/5,Yes,$9.99 ,No,978-1-4215-8511-6
,My Hero Academia Vol. 5,Kohei Horikoshi,Shonen,"August 2nd, 2016 ",2016-08-02,Viz Media LLC,Paperback,Kohei Horikoshi,189,5.0/5,Yes,$9.99 ,No,978-1-4215-8702-8
,My Hero Academia Vol. 6,Kohei Horikoshi,Shonen,"November 1st, 2016",2016-11-01,Viz Media LLC,Paperback,Kohei Horikoshi,189,4.75/5,Yes,$9.99 ,No,978-1-4215-8866-7
,My Hero Academia Vol. 7,Kohei Horikoshi,Shonen,"February 7th, 2017",2017-02-07,Viz Media LLC,Paperback,Kohei Horikoshi,191,4.5/5,Yes,$9.99 ,No,978-1-4215-9040-0
,My Hero Academia Vol. 8,Kohei Horikoshi,Shonen,"May 2nd, 2017 ",2017-05-02,Viz Media LLC,Paperback,Kohei Horikoshi,187,3.75/5,Yes,$9.99 ,No,978-1-4215
,My Hero Academia Vol. 9,Kohei Horikoshi,Shonen,"August 1st, 2017",2017-08-01,Viz Media LLC,Paperback,Kohei Horikoshi,191,4.5/5,Yes,$9.99 ,No,978-1-4215-9340-1
,My Hero Academia Vol. 10,Kohei Horikoshi,Shonen,"November 7th, 2017",2017-11-07,Viz Media LLC,Paperback,Kohei Horikoshi,191,4.25/5,Yes,$9.99 ,No,978-1-4215-9437-8
,Grimm: Below The Surface : The Insider's Guide To The Show,Titan Books,Companion Book,"March 11th, 2014",2014-03-11,Titan Books,Paperback,N/A,176,N/A,No,$16.99 ,No,9.78E+12
,Grimm: Omnibus Vol. 1,Marc Gaffen & Kyle McVey & David Greenwalt & Jim Kouf & Jai Nitz ,Fantasy Comics,"October 18th, 2016",2016-10-18,Dynamite Entertainment,Paperback,Jose Malaga & Rod Rodolfo & Daniel Govar,496,N/A,No,$39.99 ,No,978-1-5241-0076-6
,Anatomy For The Artist: A Complete Guide To Drawing The Human Body,Jennifer Crouch,Art Book,"June 15th, 2022",2022-06-15,Sirius,Paperback,Jennifer Crouch,255,3.5/5,Yes,$19.99 ,No,978-1-3988-9032-9
,Encyclopedia of Space,Miles Kelly,Encyclopedia,"November 17th, 2017",2017-11-17,Miles Kelly,Hardcover,N/A,512,N/A,No,$15.00 ,No,978-1-78617-377-5
,Watchmen Deluxe Edition,Alan Moore,Superhero,"June 4th, 2013",2013-06-04,DC Comics,Hardcover,Alan Moore,414,N/A,No,$39.99 ,No,978-1-4012-3896-4 
,The Hubble Cosmos: 25 Years of New Vistas in Space,David H. Devorkin & Robert W. Smith,Space/Educational,"October 6th, 2015",2015-10-06,National Geographic,Hardcover,N/A,224,N/A,No,$50.00 ,No,978-1-4262-1557-5
,"Marvel Encyclopedia: New Edition, With an Introduction by Stan Lee",Stephen Wiacek & DK & Stan Lee & Adam Bray,Encyclopedia,"April 2nd, 2019",2019-04-02,DK,Hardcover,N/A,447,N/A,No,$40.00 ,No,978-1-4654-7890-0
,Savvy,Ingrid Law,Children's Fiction,"March 23rd, 2010",2010-03-23,Puffin Books,Paperback,N/A,362,N/A,Need To Reread,$8.99 ,No,978-0-14-241433-0
,Savvy,Ingrid Law,Children's Fiction,"March 23rd, 2010",2010-03-23,Puffin Books,Paperback,N/A,362,N/A,Need To Reread,$8.99 ,No,978-0-14-241433-0
,Scumble,Ingrid Law,Children's Fiction,"August 9th, 2011",2011-08-09,Puffin Books,Paperback,N/A,400,N/A,Need To Reread,$7.99 ,No,978-0-14-241962-5
,Switch,Ingrid Law,Children's Fiction,"September 6th, 2016",2016-09-06,Puffin Books,Paperback,N/A,356,N/A,No,$8.99 ,No,978-0-14-242570-1
,Tristan Strong Punches A Hole In The Sky,Kwame Mbalia,Fantasy/Adventure,"October 15th, 2019",2019-10-15,Rick Riordan Presents,Hardcover,N/A,482,N/A,No,$17.99 ,No,978-136803993-2
,Tristan Strong Destroys The World,Kwame Mbalia,Fantasy/Adventure,"October 6th, 2020",2020-10-06,Rick Riordan Presents,Hardcover,N/A,390,N/A,No,$17.99 ,No,978-136804238-3
,Tristan Strong Keeps Punching,Kwame Mbalia,Fantasy/Adventure,"October 5th, 2021",2021-10-05,Rick Riordan Presents,Hardcover,N/A,404,N/A,No,$17.99 ,No,978-136805487-4
,Aru Shah And The End Of Time,Roshani Chokshi,Fantasy/Adventure,"March 27th, 2018",2018-03-27,Rick Riordan Presents,Hardcover,N/A,343,N/A,No,$16.99 ,No,978-136801235-5
,Aru Shah And The Song Of Death,Roshani Chokshi,Fantasy/Adventure,"April 30th, 2019",2019-04-30,Rick Riordan Presents,Hardcover,N/A,365,N/A,No,$16.99 ,No,978-136801384-0
,Aru Shah And The Tree Of Wishes,Roshani Chokshi,Fantasy/Adventure,"April 7th, 2020",2020-04-07,Rick Riordan Presents,Hardcover,N/A,374,N/A,No,$16.99 ,No,978-136801385-7
,All Our Hidden Gifts,Caroline O'Donoghue,Fantasy ,"June 8th, 2021",2021-06-08,Walker Books US,Paperback,N/A,374,N/A,No,$9.99 ,No,978-1-5362-2526-6
,Complete Spanish Grammar: Premium Fourth Edition: Total Language Study Program,Gilda Nissenberg,Language Learning,"July 1st, 2020",2020-07-01,McGraw Hill,Paperback,N/A,400,N/A,No,$18.00 ,No,978-1-260-46315-6
,Spanish Conversation: Premium Third Edition: Comprehensive Study Program,Jean Yates,Language Learning,"May 13th, 2020",2020-05-13,McGraw Hill,Paperback,N/A,204,N/A,No,$17.00 ,No,978-1-260-46219-7
,Lee Hammond's big book of DRAWING,Lee Hammond,Art Book,"February 27th, 2004",2004-02-27,North Light Books,Paperback,N/A,240,N/A,No,$23.99 ,No,978-1-58180-473-7
,The Rebounder,Thomas J. Dygard,Fiction,"October 18th, 1994",1994-10-18,HarperCollins,Hardcover,N/A,180,N/A,No,$15.00 ,No,978-0688128210
,Let Me Hear a Rhyme,Tiffany D. Jackson,Young Adult Fiction,"May 19th, 2020",2020-05-19,Katherine Tegen Books,Paperback,N/A,380,N/A,No,$10.99 ,No,978-0-06-284033-2
,The Old Man and the Sea,Ernest Hemingway,Novella,"May 5th, 1995",1995-05-05,Simon & Schuster New York,Paperback,N/A,127,N/A,No,$9.00 ,No,0-684-80122-1
,Duh! The Stupid History of the Human Race,Bob Fenster,Comedy,"January 1st, 2003",2003-01-01,Andrews McMeel Publishing,Hardcover,N/A,276,N/A,No,$23.00 ,No,978-0760750520
,A Wrinkle in Time,Madeleine L'Engle,Young Adult/Science Fantasy,"May 1st, 2007",2007-05-01,Square Fish,Paperback,N/A,245,N/A,No,$6.99 ,No,978-0-312-36754-1
,Aesop's Fables ,V.S. Vernon James,Fables,"October 24th, 2013",2013-10-24,Word Cloud Classics,Leather,Arthur Rackham,239,N/A,No,$14.95 ,No,978-1-60710-947-1
,Minecraft: Redstone Handbook,Scholastic,Video Game Guide,"March 25th, 2014",2014-03-25,Scholastic,Paperback,N/A,79,N/A,No,$5.99 ,No,978-0-545-68575-7
,Wayside School Gets a Little Stranger,Louis Sachar,Fiction,"December 31st, 2004",2004-12-31,Scholastic,Paperback,Adam McCauley,168,N/A,No,$5.99 ,No,978-0-545-31540-1
,Urban Outlaws,Peter Jay Black,Thriller,"April 29th, 2014",2014-04-29,Bloomsbury Childrens,Paperback,N/A,274,N/A,No,$5.99 ,No,978-1-338-03725-8
,The Captivity of the Oatman Girls among the Apache and Mohave Indians,Lorenzo D. Oatman & Olive A. Oatman,Biography,"June 22nd, 1994",1994-06-22,Dover Publications,Paperback,N/A,209,N/A,No,$6.95 ,No,0-486-28078-0
,My Life as a Gamer,Janet Tashjian,Fiction,"April 3rd, 2018",2018-04-03,Scholastic ,Paperback,Jake Tashjian,250,N/A,No,$6.99 ,No,978-1-338-03745-6
,I Wish I Knew That U.S. Presidents: Cool Stuff You Need To Know,Patricia A. Halbert,Biography,"February 2nd, 2012",2012-02-02,Reader's Digest Juvenile,Hardcover,N/A,143,N/A,No,$9.99 ,No,"978-1606523605"
,Public School Superhero ,James Patterson & Chris Tebbetts,Fiction,"May 3rd, 2016",2016-05-03,Scholastic,Paperback,Cory Thomas,283,N/A,No,$5.99 ,No,978-0-545-91868-8
,Minecraft: Construction Handbook,Scholastic,Video Game Guide,"August 26th, 2014",2014-08-26,Scholastic ,Paperback,N/A,79,N/A,No,$5.99 ,No,978-0-545-77610-3
,"TodHunter Moon, Book Two: SandRider",Angie Sage,Fantasy,"October 13th, 2015",2015-10-13,Katherine Tegen Books,Hardcover,N/A,461,N/A,No,$17.99 ,No,978-0-06-227248-5
,"TodHunter Moon, Book One: PathFinder",Angie Sage,Fantasy ,"October 14th, 2014",2014-10-14,Katherine Tegen Books,Hardcover,N/A,460,N/A,No,$17.99 ,No,978-0-06-227245-4
,Daniel X: Demons and Druids,James Patterson,Young Adult Fantasy ,"July 1st, 2010",2010-07-01,jimmy patterson,Hardcover,N/A,237,N/A,No,$16.99 ,No,978-0-316-03698-6
,Eragon,Christopher Paolini,Young Adult Fantasy,"January 1st, 2005",2005-01-01,Knopf Books For Young Readers,Paperback,N/A,503,N/A,No,$11.99 ,No,978-0-375-82669-6
,Leven Thumps and the Gaeway to Foo,Obert Skye,Fiction,"July 1st, 2006",2006-07-01,Aladdin,Paperback,N/A,368,N/A,No,$8.99 ,No,978-1-4169-2806-5
,I Am Not Your Perfect Mexican Daughter,Erika L. Sánchez,Young Adult Fiction,"March 5th, 2019",2019-03-05,Ember,Paperback,N/A,362,N/A,No,$11.99 ,No,978-1-5247-0051-5
,A Tale of Two Cities,Charles Dickens,Historical Novel,"January 1st, 0000",0000-01-01,Prentice Hall,Hardcover,N/A,360,1.5/5,Yes,$15.00 ,No,0-13-435509-1
,Bulfinch's Mythology,Thomas Bulfinch,Mythology/Legends,"October 1st, 2014 ",2014-10-01,Canterbury Classics,Leatherbound,N/A,686,N/A,No,$24.99 ,No,978-1-62686-169-5
,Spy High: Mission Five - Blood Relations,A.J. Butcher,Science Fiction,"April 6th, 2005",2005-04-06,"Little, Brown Young Readers",Paperback,N/A,218,N/A,No,$6.99 ,No,0-316-78092-8
,Isaac Asimov's Robots in Time: Dictator,William F. Wu,Science Fiction,"January 1st, 1994",1994-01-01,Avon Books,Paperback,N/A,230,N/A,No,$4.99 ,No,0-380-76514-4
,Naruto Vol. 52,Masashi Kishimoto,Shonen,"September 5th, 2011",2011-09-05,Viz Media LLC,Paperback,Masashi Kishimoto,207,3.75/5,Yes,$9.99 ,No,978-1-4215-3957-7
,The Name of This Book is Secret,Psedonymous Bosch,Mystery,"September 1st, 2008",2008-09-01,"Little, Brown Books for Young Readers",Paperback,N/A,360,N/A,No,$6.99 ,No,978-0-316-11369-4
,Fantastic Voyage II: Destination Brian ,Issac Asimov,Science Fiction,"August 18th, 1987",1987-08-18,Doubleday,Hardcover,N/A,332,N/A,No,$9.99 ,No,978-0385239264
,The Secrets of Mental Math,Arthur T. Benjamin,Math,"January 1st, 2011",2011-01-01,The Great Courses,Paperback,N/A,161,N/A,No,$5.99 ,No,978-1598039726
,Classical Mythology ,H. A. Guerber,Mythology/Legends,"January 1st, 2016",2016-01-01,Fall River Press,Hardcover,N/A,451,N/A,No,$7.99 ,No,978-1-4351-6288-4
,One Piece Vol. 6,Eiichiro Oda,Shonen,"March 1st, 2005",2005-03-01,Viz Media LLC,Paperback,Eiichiro Oda,185,3.5/5,Yes,$7.95 ,Not Really (The Foil Old Ones) ,1-59116-723-x
,Naruto Vol. 51,Masashi Kishimoto,Shonen,"June 7th, 2011",2011-06-07,Viz Media LLC,Paperback,Masashi Kishimoto,189,3.25/5,Yes,$9.99 ,No,978-1-4215-3498-5
,Naruto Vol. 55,Masashi Kishimoto,Shonen,"March 6th, 2012",2012-03-06,Viz Media LLC,Paperback,Masashi Kishimoto,193,3.0/5,Yes,$9.99 ,No,978-1-4215-4152-5
,Drawing: A Complete Guide,Giovanni Civardi,Art Book,"March 10th, 2010",2010-03-10,Search Press,Paperback,Giovanni Civardi,440,N/A,No,$19.95 ,No,978-1-844488-508-6
,The Black Kids,Christina Hammonds Reds,Young Adult Fiction,"April 5th, 2022",2022-04-05,Simon & Schuster New York,Hardcover,N/A,362,N/A,No,$18.99 ,No,978-1-5344-6272-4
,"Yinka, Where Is Your Huzband? ",Lizzie Damilola Blackburn,Romance ,"January 18th, 2022",2022-01-18,Pamela Dorman Books,Hardcover,N/A,373,4.8/5,Yes,$26.00 ,No,978-0-593-29900-5
,First Comes Like,Alisha Rai,Romance ,"February 16th, 2021",2021-02-16,Avon Books,Paperback,N/A,414,N/A,No,$15.99 ,No,978-0-06-287815-1
,Big Nate Strikes Again,Lincoln Peirce,Comedy,"October 19th, 2010",2010-10-19,HarperCollins,Hardcover,Lincoln Peirce,217,N/A,No,$12.99 ,No,978-0-06-194436-9
,Nerd Camp,Elissa Brent Weissman,Fiction,"May 22nd, 2012",2012-05-22,Atheneum Books for Young Readers,Hardcover,N/A,261,N/A,No,$15.99 ,No,978-1-4424-1703-8
,Genesis: A Living Conversation ,Bill Moyers,Mythology/Legends,"September 1st, 1996",1996-09-01,Doubleday,Hardcover,N/A,354,N/A,No,$29.95 ,No,0-385-48345-7
,Official Fortnite How to Draw ,Epic Games,Art Book,"July 23rd, 2019",2019-07-23,"Little, Brown Books for Young Readers",Paperback,Epic Games,111,3.35/5,Yes,$8.99 ,No,978-0-316-42516-2
,Cambridge Atlas of Astronomy ,Jean Audouze & Guy Israël,Atlas,"April 26th, 1985",1985-04-26,Cambridge University Press,Hardcover,N/A,420,N/A,No,$34.95 ,No,0-521-26369-7
,The Communist Manifesto,Karl Marx & Friedrich Engels,Philosophy,"March 1st, 2011",2011-03-01,Penguin Classics,Paperback,N/A,104,N/A,No,$15.00 ,Penguin Classics Deluxe Edition,978-0-14-310-626-5
,SAS Ultimate Guide to Combat: How to Fight and Survive in Modern Warfare,Robert Stirling,History,"January 1st, 2012",2012-01-01,Osprey Publishing,Paperback,N/A,343,N/A,No,$18.00 ,No,978-1-4351-4476-7
,"Middle School, The Worst Years of My Life",James Patterson & Chris Tebbetts,Comedy,"May 6th, 2014",2014-05-06,jimmy patterson,Hardcover,Laura Park ,281,N/A,Need To Reread,$15.99 ,No,978-0-316-10187-5
,Miracle Wimp,Erik P. Kraft,Young Adult Fiction,"August 1st, 2007 ",2007-08-01,"Little, Brown Books for Young Readers",Hardcover,Erik P. Kraft,245,N/A,No,$16.99 ,No,978-0-316-01165-5
,Manga Art: How to Create Your Own Artwork,Ben Krefta,Art Book,"September 15th, 2018",2018-09-15,Arcturus,Paperback,Ben Krefta,256,N/A,No,$24.99 ,No,978-1-3988-9019-0
,I Funny TV: A Middle School Story,James Patterson & Chris Tebbetts,Comedy,"December 14th, 2015",2015-12-14,jimmy patterson,Hardcover,Laura Park ,311,N/A,Need To Reread,$13.99 ,No,978-0-316-30109-1
,"Fat Chance, Charlie Vega",Crystal Maldonado ,Young Adult Fiction,"January 11th, 2022",2022-01-11,Holiday House,Paperback,N/A,343,4.45/5,Yes,$12.99 ,No,978-0-8234-5131-9
,Presumed Innocent,Scott Turow,Thriller,"December 31st, 1986",1986-12-31,Warner Books,Paperback,N/A,421,N/A,No,$5.95 ,No,0-446-35986-6
,Women Race & Class,Angela Y. Davis,History,"February 12th, 1983",1983-02-12,Vintage Book,Paperback,N/A,271,N/A,No,$16.95 ,No,978-0-394-71351-9
,The Only Black Girls In Town,Brandy Colbert,Fiction,"April 20th, 2021",2021-04-20,"Little, Brown Books for Young Readers",Paperback,N/A,355,N/A,No,$7.99 ,No,978-0-316-45640-1
,"Incans, Aztecs & Mayans",John Holzmann,History,"January 1st, 1996",1996-01-01,Sonlight Curriculum Ltd,Paperback,N/A,135,N/A,No,$4.99 ,No,978-1887840446
,Easy as Pi: The Countless Ways We Use Numbers Every Day,Jamie Buchan ,Reference,"April 15th, 2020",2020-04-15,Reader's Digest ,Hardcover,N/A,174,N/A,No,$14.95 ,No,978-1-60652-134-2
,Tomie,Junji Ito,Horror,"December 20th, 2016",2016-12-20,Viz Media LLC,Hardcover,Junji Ito,742,N/A,No,$34.99 ,No,978-1-4214-9056-1
,The Upside of Unrequited,Becky Albertalli,Romance ,"January 30th, 2018",2018-01-30,Balzer + Bray,Paperback,N/A,340,3.75/5,Yes,$10.99 ,No,978-0-06-234871-5
,Gravity Falls: Journal 3,Alex Hirsch ,Fantasy/Paranormal,"July 26th, 2016",2016-07-26,Disney Press,Hardcover,Stephanie Ramirez & Andy Gonsalves,288,N/A,No,$19.99 ,No,978-148474669-1
,Daniel X: Watch The Skies,James Patterson & Ned Rust,Young Adult Fantasy,"July 27th, 2009",2009-07-27,jimmy patterson,Hardcover,N/A,251,N/A,No,$19.99 ,No,978-0-316-03618-4
,Daniel X: Lights Out,James Patterson & Chris Grabenstein,Young Adult Fantasy ,"July 13th, 2015",2015-07-13,jimmy patterson,Hardcover,N/A,263,N/A,No,$17.99 ,No,978-0-316-20745-4
,Every Body Looking,Candice Iloh,Young Adult,"September 21st, 2021",2021-09-21,Dutton Books for Young Readers,Paperback,N/A,403,N/A,No,$11.99 ,No,978-0-525-55622-0
,The Conspiracy Files,Leo Moynihan,Conspiracy Theory ,"November 1st, 2021 ",2021-11-01,New Burlington Books,Paperback,N/A,192,N/A,No,$18.99 ,No,978-1-80242-015-9
,Physics For Dummies,Steve Holzner,Textbook,"November 28th, 2004",2004-11-28,For Dummies,Paperback,N/A,368,N/A,No,$19.99 ,No,0-7645-5433-6
,The 21 Irrefutable Laws of Leadership Workbook,John C. Maxwell,Self-Help Book,"September 18th, 2007",2007-09-18,Thomas Nelson,Paperback,N/A,246,N/A,No,$19.99 ,No,978-1-4185-2615-3
,The Teen Study Bible,Moses wrote the most of 1 person,Religious Text,"January 1st, 1993",1993-01-01,Zondervan Publishing House,Hardcover,N/A,1711,4.75/5,Yes,$24.99 ,No,0-310-91672-0
,The Zodiac Legacy #1: Convergence,Stan Lee & Stuart Moore,Adventure Fiction,"January 1st, 2015",2015-01-01,Scholastic,Paperback,Andie Tong Lee,463,N/A,No,$7.99 ,No,978-0-545-91675-2
,The Right Side Of History: How Reason and Moral Purpose Made the West Great,Ben Shapiro,Christian Literature,"March 19th, 2019",2019-03-19,Broadside Books,Hardcover,N/A,256,N/A,No,$27.99 ,No,978-0-06-285790-3
,Ace of Spades, Faridah Àbíké-Íyímídé ,Young Adult Thriller,"June 1st, 2021",2021-06-01,Feiwel & Friends,Hardcover,N/A,422,N/A,No,$18.99 ,No,978-1-250-80081-7
,This Is My America,Kim Johnson,Young Adult Fiction,"July 28th, 2020",2020-07-28,Random House Books for Young Readers,Hardcover,N/A,406,N/A,No,$17.99 ,No,978-0-593-11876-4
,"Egyptian Mythology: A Guide to the GODS, GODDESSES, and TRADITIONS of ANCIENT EGYPT",Geraldine Pinch,Mythology/Legends,"April 8th, 2004",2004-04-08,Oxford University Press,Paperback,N/A,257,N/A,No,$19.95 ,No,978-0-19-517024-5
,Big Nate What Could Possibly Go Wrong?,Lincoln Peirce,Comedy,"May 1st, 2012",2012-05-01,HarperCollins,Paperback,Lincoln Peirce,217,N/A,No,$9.99 ,No,978-0-06-208694-5
,The Ivory Keys,Akshaya Raman,Young Adult Fantasy,"January 4th, 2012",2012-01-04,Clarion Books,Hardcover,N/A,375,N/A,No,$18.99 ,No,978-0358-46833-2
,The Mythology Books - Big Ideas Simply Explained,DK,Mythology/Legends,"May 15th, 2018",2018-05-15,DK,Hardcover,N/A,351,N/A,No,$25.00 ,No,978-1-4654-7337-0
,Harlem Shuffle,Colson Whitehead,Crime Fictions,"September 14th, 2021",2021-09-14,Doubleday,Hardcover,N/A,318,N/A,No,$28.95 ,No,978-0-385-54513-6
,The 39 Clues: Cahills vs. Vespers Book One: The Medusa Plot,Gordon Korman,Young Adult Adventure,"August 30th, 2011",2011-08-30,Scholastic Inc.,Hardcover,N/A,222,N/A,Need To Reread,$12.99 ,NEEDS THE 6 CARDS ,978-0-545-29839-1
,The 39 Clues: Cahills vs. Vespers Book Two: A King's Ransom,Jude Watson,Young Adult Adventure,"December 6th, 2011",2011-12-06,Scholastic Inc.,Hardcover,N/A,190,N/A,Need To Reread,$12.99 ,No,978-0-545-29840-7
,The 39 Clues: Cahills vs. Vespers Book Three: The Dead of Night,Peter Lerangis,Young Adult Adventure,"March 6th, 2012",2012-03-06,Scholastic Inc.,Hardcover,N/A,190,N/A,Need To Reread,$12.99 ,No,978-0-545-29841-4
,The 39 Clues: Cahills vs. Vespers Book Four: Shatterproof,Roland Smith,Young Adult Adventure,"September 4th, 2012",2012-09-04,Scholastic Inc.,Hardcover,N/A,190,N/A,Need To Reread,$12.99 ,No,978-0-545-29842-1
,The 39 Clues: Cahills vs. Vespers Book Five: Trust No One,Linda Sue Park ,Young Adult Adventure,"December 4th, 2012",2012-12-04,Scholastic Inc.,Hardcover,N/A,190,N/A,Need To Reread,$12.99 ,No,978-0-545-29843-8
,The 39 Clues: Cahills vs. Vespers Book Six: Day of Doom,David Baldacci,Young Adult Adventure,"March 5th, 2013",2013-03-05,Scholastic Inc.,Hardcover,N/A,270,N/A,Need To Reread,$12.99 ,No,978-0-545-29844-5
,The 39 Clues: Book Three: The Sword Thief,Peter Lerangis,Young Adult Adventure,"March 3rd, 2009",2009-03-03,Scholastic Inc.,Hardcover,N/A,156,N/A,Need To Reread,$13.99 ,No,978-0-545-06043-1
,The 39 Clues: Book Four: Beyond The Grave,Jude Watson,Young Adult Adventure,"June 2nd, 2009",2009-06-02,Scholastic Inc.,Hardcover,N/A,190,N/A,Need To Reread,$12.99 ,No,978-0-545-06044-8
,The 39 Clues: Book Five: The Black Circle,Patrick Carman,Young Adult Adventure,"August 11th, 2009",2009-08-11,Scholastic Inc.,Hardcover,N/A,168,N/A,Need To Reread,$13.99 ,No,978-0-545-06045-5
,The 39 Clues: Book Six: In Too Deep,Jude Watson,Young Adult Adventure,"November 3rd, 2009",2009-11-03,Scholastic Inc.,Hardcover,N/A,206,N/A,Need To Reread,$13.99 ,No,978-0-545-06046-2
,The 39 Clues: Book Seven: The Viper's Nest,Peter Lerangis,Young Adult Adventure,"February 2nd, 2010",2010-02-02,Scholastic Inc.,Hardcover,N/A,190,N/A,Need To Reread,$13.99 ,No,978-0-545-06047-9
,The 39 Clues: Book Eight: The Emperor's Code,Gordon Korman,Young Adult Adventure,"April 6th, 2010",2010-04-06,Scholastic Inc.,Hardcover,N/A,190,N/A,Need To Reread,$13.99 ,No,978-0-545-06048-6
,The 39 Clues: Book Nine: Storm Warning,Linda Sue Park,Young Adult Adventure,"May 25th, 2010",2010-05-25,Scholastic Inc.,Hardcover,N/A,190,N/A,Need To Reread,$13.99 ,No,978-0-545-06049-3
,The 39 Clues: Book Ten: Into The Gauntlet,Margaret Peterson Haddix,Young Adult Adventure,"August 31st, 2010",2010-08-31,Scholastic Inc.,Hardcover,N/A,327,N/A,Need To Reread,$12.99 ,No,978-0-545-06050-9
,The 39 Clues: Book Eleven: Vespers Rising,Rick Riordan & Peter Lerangis & Gordon Korman & Jude Watson,Young Adult Adventure,"April 5th, 2011",2011-04-05,Scholastic Inc.,Hardcover,N/A,238,N/A,Need To Reread,$12.99 ,No,978-0-545-29059-3
,The 39 Clues: Unstoppable Book One: Nowhere To Run,Jude Watson,Young Adult Adventure,"October 1st, 2013",2013-10-01,Scholastic Inc.,Hardcover,N/A,266,N/A,Need To Reread,$12.99 ,No,978-0-545-52137-6
,The 39 Clues: Unstoppable Book Two: Breakaway,Jeff Hirsch,Young Adult Adventure,"January 28th, 2014",2014-01-28,Scholastic Inc.,Hardcover,N/A,189,N/A,Need To Reread,$12.99 ,No,978-0-545-52142-0
,The 39 Clues: Unstoppable Book Three: Countdown,Natalie Standiford,Young Adult Adventure,"April 29th, 2014",2014-04-29,Scholastic Inc.,Hardcover,N/A,190,N/A,Need To Reread,$12.99 ,No,978-0-545-52145-1
,The 39 Clues: Unstoppable Book Four: Flashpoint,Gordon Korman,Young Adult Adventure,"August 26th, 2014",2014-08-26,Scholastic Inc.,Hardcover,N/A,222,N/A,Need To Reread,$12.99 ,No,978-0-545-52147-5
,The 39 Clues: Doublecross Book One: Mission Titanic,Jude Watson,Young Adult Adventure,"February 24th, 2015",2015-02-24,Scholastic Inc.,Hardcover,N/A,237,N/A,Need To Reread,$12.99 ,No,978-9-351-03696-8
,The 39 Clues: Doublecross Book Two: Mission Hindenburg,C. Alexander London,Young Adult Adventure,"July 28th, 2015",2015-07-28,Scholastic Inc.,Hardcover,N/A,190,N/A,Need To Reread,$12.99 ,No,978-0-545-76743-9
,The 39 Clues: Doublecross Book Three: Mission Hurricane,Jenny Goebel,Young Adult Adventure,"January 26th, 2016",2016-01-26,Scholastic Inc.,Hardcover,N/A,189,N/A,Need To Reread,$12.99 ,No,978-0-545-76748-4
,The 39 Clues: Doublecross Book Four: Mission Atomic,Sarwat Chadda,Young Adult Adventure,"June 28th, 2016",2016-06-28,Scholastic Inc.,Hardcover,N/A,253,N/A,Need To Reread,$12.99 ,No,978-0-545-76751-4
,The 39 Clues: The Black Book of Buried Secrets,Rick Riordan,Young Adult Adventure,"October 26th, 2010",2010-10-26,Scholastic Inc.,Hardcover,N/A,187,N/A,Need To Reread,$12.99 ,No,978-0-545-28504-9
,The 39 Clues: Agent Handbook,Misc. ,Young Adult Adventure,"January 1st, 2010",2010-01-01,Scholastic Inc.,Hardcover,N/A,224,N/A,No,$9.95 ,No,978-1-4351-2581-4
,The 39 Clues: Superspecial Book One: Outbreak,C. Alexander London,Young Adult Adventure,"October 1st, 2016",2016-10-01,Scholastic Inc.,Hardcover,N/A,260,N/A,No,$13.99 ,No,978-1-338-03705-0
,The 39 Clues: The Cahill Files Book One: Operation Trinity,Clifford Riley,Young Adult Adventure,"May 8th, 2012",2012-05-08,Scholastic Inc.,Hardcover,N/A,142,N/A,No,$9.99 ,No,978-0-545-43143-9
,The 39 Clues: The Cahill Files Book Two: Spymasters,Clifford Riley,Young Adult Adventure,"April 30th, 2013",2013-04-30,Scholastic Inc.,Hardcover,N/A,250,N/A,No,$12.99 ,No,978-0-545-56468-7
,Invincible: Compendium One ,Robert Kirkman,Superhero,"August 30th, 2011",2011-08-30,Image Comics,Graphic Novel,Cory Walker & Ryan Ottley,1024,N/A,No,$64.99 ,No,978-1-60706-411-4
,Ms. Marvel Vol. 4 - Last Days ,G. Willow Wilson & Dan Slott,Superhero,"November 17th, 2015",2015-11-17,Marvel Universe,Graphic Novel,Adrian Alphona & Giuseppe Camuncoli,120,N/A,No,$17.99 ,No,978-0-7851-9736-2
,Ms. Marvel Vol. 5 - Super Famous,G. Willow Wilson,Superhero,"June 28th, 2016",2016-06-28,Marvel Universe,Graphic Novel,Takeshi Miyazawa & Nico Leon & Adrian Alphona & Cliff Chiang,144,N/A,No,$17.99 ,No,978-0-7851-9611-2
,Miles Morales: The Ultimate Spider-Man - Ultimate Collection Book 1,Brian Michael Bendis,Superhero,"July 28th, 2015",2015-07-28,Ultimate Universe,Graphic Novel,Sara Pichelli & Chris Samnee & David Marquez,400,N/A,No,$34.99 ,No,978-0-7851-9778-2
,Miles Morales: The Ultimate Spider-Man - Ultimate Collection Book 2,Brian Michael Bendis,Superhero,"September 29th, 2015",2015-09-29,Ultimate Universe,Graphic Novel,Sara Pichelli & Pepe Larraz & David Marquez,384,N/A,No,$34.99 ,No,978-0-7851-9779-9
,Miles Morales: The Ultimate Spider-Man - Ultimate Collection Book 3,Brian Michael Bendis,Superhero,"November 24th, 2015 ",2015-11-24,Ultimate Universe,Graphic Novel,David Marquez & Sara Pichelli & Mark Bagley & Mark Brooks & David Lafuente & Andrew Hennessy,368,N/A,No,$34.99 ,No,978-0-7851-9780-5
,Frizzy ,Claribel A. Ortega,Graphic Novel,"October 18th, 2022",2022-10-18,First Second,Graphic Novel,Rose Bousamra,213,N/A,No,$12.99 ,No,978-1-250-25963-9
,"Imogen, Obviously",Becky Albertalli,Young Adult Fiction,"May 2nd, 2023",2023-05-02,Balzer + Bray,Hardcover,N/A,416,N/A,No,$19.99 ,No,978-0-06-304587-3
,Percy Jackson Y Los Dioses Del Olimpo: El Ladrón Del Rayo,Rick Riordan,Fantasy/Adventure,"December 4th, 2014",2014-12-04,Salamandra,Paperback,N/A,285,4.0/5,Yes,$12.95 ,No,978-8-49838-626-4
,Daredevil: Born Again,Frank Miller,Superhero,"January 5th, 2010",2010-01-05,Marvel Universe,Graphic Novel,David Mazzucchelli,248,N/A,No,$19.99 ,No,978-0-7851-3481-7
,Black Panther: The Man Without Fear - The Complete Collection,David Liss,Superhero,"December 26th, 2017",2017-12-26,Marvel Universe,Graphic Novel,Francesco Francavilla & Shawn Martinbrough & Jefte Palo & Michael Avon Oeming ,416,N/A,No,$34.99 ,No,978-1-302-90772-3
,Ms. Marvel: The New Mutant,Iman Vellani & Sabir Pirzada,Superhero,"August 30th, 2023",2023-08-30,Marvel  ,Comic Book,Sara Pichelli & Carlos Gomez & Adam Gorham ,35,N/A,No,$4.99 ,No,N/A
,Black Panther: The Saga of Shuri and T'Challa,Reginald Hudlin & Marvel Various,Superhero,"August 16th, 2022",2022-08-16,Marvel Universe,Graphic Novel,Marvel Various,424,N/A,No,$39.99 ,No,978-1-302-94600-5
,Ms. Marvel Vol. 6 - Civil War II ,G. Willow Wilson,Superhero,"December 13th, 2016",2016-12-13,Marvel Universe,Graphic Novel,Adrian Alphona & Takeshi Miyazawa & Mirka Andolfo,136,N/A,No,$17.99 ,No,978-0-7851-9612-9
,Ms. Marvel Vol. 7 - Damage Per Second,G. Willow Wilson,Superhero,"July 18th, 2017",2017-07-18,Marvel Universe,Graphic Novel,& Takeshi Miyazawa & Mirka Andolfo & Francesco Gaston & Ian Herring,136,N/A,No,$17.99 ,No,978-1-302-90305-3
,Ms. Marvel Vol. 8 - Mecca,G. Willow Wilson,Superhero,"December 12th, 2017",2017-12-12,Marvel Universe,Graphic Novel,Marco Failla & Diego Olortegui & Ian Herring,136,N/A,No,$17.99 ,No,978-1-302-90608-5
,Ms. Marvel Vol. 9 - Teenage Wasteland,G. Willow Wilson,Superhero,"July 17th, 2018",2018-07-17,Marvel Universe,Graphic Novel,Nico Leon & Ian Herring,136,N/A,No,$17.99 ,No,978-1-302-91078-5
,Ms. Marvel Vol. 10 - Time And Again,G. Willow Wilson & Saladin Ahmed & Rainbow Rowell & Hasan Minhaj,Superhero,"March 26th, 2019",2019-03-26,Marvel Universe,Graphic Novel,Nico Leon & Gustavo Duarte & Bob Quinn & Elmo Bondox & Ian Herring,184,N/A,No,$19.99 ,No,978-1-302-91269-7
,Ms. Marvel Meets The Marvel Universe,G. Willow Wilson & Mark Waid & Marvel Various,Superhero,"July 28th, 2020",2020-07-28,Outreach/New Reader,Graphic Novel,Marvel Various,248,N/A,No,$12.99 ,No,978-1-302-92362-4
,Shuri and T'Challa: Into The Heartlands (An Original Black Panther Graphic Novel) ,Roseanne A. Brown,Superhero,"April 19th, 2022",2022-04-19,Graphix,Graphic Novel,Dika Araújo & Natacha Bustos & Claudia Aguirre,128,N/A,No,$12.99 ,No,978-1-338-64805-8
,"Get A Life, Chloe Brown (The Brown Sisters: Book 1) ",Talia Hibbert,Romance ,"November 5th, 2019",2019-11-05,Avon,Paperback,N/A,384,N/A,No,$16.99 ,No,978-0-06-294120-6
,"Take A Hint, Dani Brown (The Brown Sisters: Book 2)",Talia Hibbert,Romance ,"June 23rd, 2020",2020-06-23,Avon,Paperback,N/A,400,N/A,No,$16.99 ,No,978-0-06-294123-7
,The Roommate Risk,Talia Hibbert,Romance ,"May 4th, 2021",2021-05-04,Nixon House,Paperback,N/A,286,TBD,Currently Reading,$12.99 ,No,978-1913651046
,The Neighbor Favor,Kristina Forest,Romance ,"February 28th, 2023",2023-02-28,Berkley,Paperback,N/A,416,4.5/5,Yes,$17.00 ,No,978-0-593-54643-7
,The Heroes of Olympus: The Mark of Athena,Rick Riordan,Fantasy/Adventure,"September 26th, 2023",2023-09-26,Disney-Hyperion,Graphic Novel,Robert Venditti & Orpheus Collar,160,N/A,No,$14.99 ,No,978-1-368-09237-1
,Percy Jackson & The Olympians: The Chalice of The Gods,Rick Riordan,Fantasy/Adventure,"September 26th, 2023",2023-09-26,Disney-Hyperion,Hardcover,N/A,268,TBD,Currently Reading,$19.99 ,Barnes & Noble Exclusive Edition,978-1-368-09937-0
,Seven Days In June,Tia Williams,Romance ,"June 7th, 2022",2022-06-07,Grand Central Publishing,Paperback,N/A,337,N/A,No,$16.99 ,No,978-1-5387-1909-1
,"Act Your Age, Eve Brown (The Brown Sisters: Book 3",Talia Hibbert,Romance ,"March 9th, 2021",2021-03-09,Avon,Paperback,N/A,375,N/A,No,$18.99 ,No,978-0-06-294127
